dataset,algorithm,goal,run,round,test_acc,test_auc,train_loss
Cifar100,FedAvg,cifar100_fedavg_cnn,0,0,0.010794243070362473,,4.606217399319339
Cifar100,FedAvg,cifar100_fedavg_cnn,0,1,0.04297707889125799,,4.361984176237385
Cifar100,FedAvg,cifar100_fedavg_cnn,0,2,0.05770255863539445,,4.383387439934452
Cifar100,FedAvg,cifar100_fedavg_cnn,0,3,0.07555970149253731,,4.286357355688096
Cifar100,FedAvg,cifar100_fedavg_cnn,0,4,0.10421108742004265,,4.075385824095901
Cifar100,FedAvg,cifar100_fedavg_cnn,0,5,0.09821428571428571,,4.116360383644907
Cifar100,FedAvg,cifar100_fedavg_cnn,0,6,0.1400586353944563,,3.7776846892916276
Cifar100,FedAvg,cifar100_fedavg_cnn,0,7,0.13599413646055436,,3.7962655838963304
Cifar100,FedAvg,cifar100_fedavg_cnn,0,8,0.1463219616204691,,3.7366942341989042
Cifar100,FedAvg,cifar100_fedavg_cnn,0,9,0.14205756929637528,,3.763133240635588
Cifar100,FedAvg,cifar100_fedavg_cnn,0,10,0.16811034115138593,,3.512870832282873
Cifar100,FedAvg,cifar100_fedavg_cnn,0,11,0.1806369936034115,,3.394106133798751
Cifar100,FedAvg,cifar100_fedavg_cnn,0,12,0.1791044776119403,,3.3934940298469267
Cifar100,FedAvg,cifar100_fedavg_cnn,0,13,0.2046908315565032,,3.2090810436259334
Cifar100,FedAvg,cifar100_fedavg_cnn,0,14,0.2034914712153518,,3.1646237342070784
Cifar100,FedAvg,cifar100_fedavg_cnn,0,15,0.20768923240938167,,3.1348654766756905
Cifar100,FedAvg,cifar100_fedavg_cnn,0,16,0.2326092750533049,,2.9711961919326777
Cifar100,FedAvg,cifar100_fedavg_cnn,0,17,0.22667910447761194,,2.9180132970559685
Cifar100,FedAvg,cifar100_fedavg_cnn,0,18,0.2342084221748401,,2.9356725135899917
Cifar100,FedAvg,cifar100_fedavg_cnn,0,19,0.2347414712153518,,2.887138185650908
Cifar100,FedAvg,cifar100_fedavg_cnn,0,20,0.23567430703624734,,2.8715920313283063
Cifar100,FedAvg,cifar100_fedavg_cnn,0,21,0.2286780383795309,,2.971249568370869
Cifar100,FedAvg,cifar100_fedavg_cnn,0,22,0.24133795309168443,,2.8019634271010636
Cifar100,FedAvg,cifar100_fedavg_cnn,0,23,0.23647388059701493,,2.779775446278842
Cifar100,FedAvg,cifar100_fedavg_cnn,0,24,0.25752931769722814,,2.623669382239273
Cifar100,FedAvg,cifar100_fedavg_cnn,0,25,0.25459754797441364,,2.6411401354699464
Cifar100,FedAvg,cifar100_fedavg_cnn,0,26,0.2517990405117271,,2.6640859964073917
Cifar100,FedAvg,cifar100_fedavg_cnn,0,27,0.253931236673774,,2.586595764815254
Cifar100,FedAvg,cifar100_fedavg_cnn,0,28,0.251932302771855,,2.6296492376335174
Cifar100,FedAvg,cifar100_fedavg_cnn,0,29,0.26126066098081024,,2.459262501521542
Cifar100,FedAvg,cifar100_fedavg_cnn,0,30,0.2709221748400853,,2.390108103168645
Cifar100,FedAvg,cifar100_fedavg_cnn,0,31,0.2687233475479744,,2.364572478667093
Cifar100,FedAvg,cifar100_fedavg_cnn,0,32,0.2629930703624733,,2.546762063423679
Cifar100,FedAvg,cifar100_fedavg_cnn,0,33,0.27585287846481876,,2.365416845385888
Cifar100,FedAvg,cifar100_fedavg_cnn,0,34,0.2787180170575693,,2.2653405983872132
Cifar100,FedAvg,cifar100_fedavg_cnn,0,35,0.27445362473347545,,2.3115152298369415
Cifar100,FedAvg,cifar100_fedavg_cnn,0,36,0.2677905117270789,,2.43493572113818
Cifar100,FedAvg,cifar100_fedavg_cnn,0,37,0.2771855010660981,,2.3723282211063506
Cifar100,FedAvg,cifar100_fedavg_cnn,0,38,0.27818496801705755,,2.445136377087175
Cifar100,FedAvg,cifar100_fedavg_cnn,0,39,0.27658582089552236,,2.4249902731565753
Cifar100,FedAvg,cifar100_fedavg_cnn,0,40,0.27432036247334757,,2.2549614829885063
Cifar100,Fedpkda,cifar100_fedpkda_lp0.3_gp0.5,0,0,0.010794243070362473,,4.606217399319339
Cifar100,Fedpkda,cifar100_fedpkda_lp0.3_gp0.5,0,1,0.042244136460554374,,4.364163881027456
Cifar100,Fedpkda,cifar100_fedpkda_lp0.3_gp0.5,0,2,0.07042910447761194,,4.165894115409524
Cifar100,Fedpkda,cifar100_fedpkda_lp0.3_gp0.5,0,3,0.12040245202558636,,3.796359765278531
Cifar100,Fedpkda,cifar100_fedpkda_lp0.3_gp0.5,0,4,0.146455223880597,,3.5779472607367806
Cifar100,Fedpkda,cifar100_fedpkda_lp0.3_gp0.5,0,5,0.16517857142857142,,3.446216978204544
Cifar100,Fedpkda,cifar100_fedpkda_lp0.3_gp0.5,0,6,0.201159381663113,,3.2054494705765384
Cifar100,Fedpkda,cifar100_fedpkda_lp0.3_gp0.5,0,7,0.23227611940298507,,2.9730414151294196
Cifar100,Fedpkda,cifar100_fedpkda_lp0.3_gp0.5,0,8,0.2501998933901919,,2.8490337428770847
Cifar100,Fedpkda,cifar100_fedpkda_lp0.3_gp0.5,0,9,0.26725746268656714,,2.7298965666899293
Cifar100,Fedpkda,cifar100_fedpkda_lp0.3_gp0.5,0,10,0.279384328358209,,2.6457490214957633
Cifar100,Fedpkda,cifar100_fedpkda_lp0.3_gp0.5,0,11,0.2966417910447761,,2.5101172392473012
Cifar100,Fedpkda,cifar100_fedpkda_lp0.3_gp0.5,0,12,0.30417110874200426,,2.452209579267914
Cifar100,Fedpkda,cifar100_fedpkda_lp0.3_gp0.5,0,13,0.31369936034115137,,2.382733992532678
Cifar100,Fedpkda,cifar100_fedpkda_lp0.3_gp0.5,0,14,0.32029584221748403,,2.3300786581008786
Cifar100,Fedpkda,cifar100_fedpkda_lp0.3_gp0.5,0,15,0.3233608742004264,,2.292898927063484
Cifar100,Fedpkda,cifar100_fedpkda_lp0.3_gp0.5,0,16,0.33755330490405117,,2.2047745599911837
Cifar100,Fedpkda,cifar100_fedpkda_lp0.3_gp0.5,0,17,0.3480143923240938,,2.1397515208710094
Cifar100,Fedpkda,cifar100_fedpkda_lp0.3_gp0.5,0,18,0.36100746268656714,,2.0422065506573874
Cifar100,Fedpkda,cifar100_fedpkda_lp0.3_gp0.5,0,19,0.3705357142857143,,1.9990426882681187
Cifar100,Fedpkda,cifar100_fedpkda_lp0.3_gp0.5,0,20,0.37373400852878463,,1.9640855188243775
Cifar100,Fedpkda,cifar100_fedpkda_lp0.3_gp0.5,0,21,0.3761327292110874,,1.9392876446098142
Cifar100,Fedpkda,cifar100_fedpkda_lp0.3_gp0.5,0,22,0.38039712153518124,,1.8938268744617817
Cifar100,Fedpkda,cifar100_fedpkda_lp0.3_gp0.5,0,23,0.3865271855010661,,1.8509395243609985
Cifar100,Fedpkda,cifar100_fedpkda_lp0.3_gp0.5,0,24,0.3988539445628998,,1.7636736379653715
Cifar100,Fedpkda,cifar100_fedpkda_lp0.3_gp0.5,0,25,0.4029184434968017,,1.7154068527414048
Cifar100,Fedpkda,cifar100_fedpkda_lp0.3_gp0.5,0,26,0.4069829424307036,,1.6788515459422937
Cifar100,Fedpkda,cifar100_fedpkda_lp0.3_gp0.5,0,27,0.41091417910447764,,1.6404358059518978
Cifar100,Fedpkda,cifar100_fedpkda_lp0.3_gp0.5,0,28,0.4147121535181237,,1.6009072396785862
Cifar100,Fedpkda,cifar100_fedpkda_lp0.3_gp0.5,0,29,0.4187100213219616,,1.5590307076183314
Cifar100,Fedpkda,cifar100_fedpkda_lp0.3_gp0.5,0,30,0.42357409381663114,,1.5022417952421945
Cifar100,Fedpkda,cifar100_fedpkda_lp0.3_gp0.5,0,31,0.42677238805970147,,1.4655677673434495
Cifar100,Fedpkda,cifar100_fedpkda_lp0.3_gp0.5,0,32,0.4295708955223881,,1.4247327993614936
Cifar100,Fedpkda,cifar100_fedpkda_lp0.3_gp0.5,0,33,0.43350213219616207,,1.3737439551084478
Cifar100,Fedpkda,cifar100_fedpkda_lp0.3_gp0.5,0,34,0.4364339019189765,,1.3408215333418692
Cifar100,Fedpkda,cifar100_fedpkda_lp0.3_gp0.5,0,35,0.4406982942430704,,1.3027440697986796
Cifar100,Fedpkda,cifar100_fedpkda_lp0.3_gp0.5,0,36,0.44363006396588484,,1.2626302023203788
Cifar100,Fedpkda,cifar100_fedpkda_lp0.3_gp0.5,0,37,0.44529584221748403,,1.233282435604267
Cifar100,Fedpkda,cifar100_fedpkda_lp0.3_gp0.5,0,38,0.4459621535181237,,1.2049621646955837
Cifar100,Fedpkda,cifar100_fedpkda_lp0.3_gp0.5,0,39,0.4499600213219616,,1.1593824359656486
Cifar100,Fedpkda,cifar100_fedpkda_lp0.3_gp0.5,0,40,0.4528917910447761,,1.1167868011149285
Cifar100,Fedpkda,cifar100_fedpkda_lp0.6_gp0.3,0,0,0.010794243070362473,,4.606217399319339
Cifar100,Fedpkda,cifar100_fedpkda_lp0.6_gp0.3,0,1,0.042244136460554374,,4.365283464883234
Cifar100,Fedpkda,cifar100_fedpkda_lp0.6_gp0.3,0,2,0.06996268656716417,,4.169604916948797
Cifar100,Fedpkda,cifar100_fedpkda_lp0.6_gp0.3,0,3,0.12006929637526652,,3.8034124955753055
Cifar100,Fedpkda,cifar100_fedpkda_lp0.6_gp0.3,0,4,0.14578891257995735,,3.587447204618784
Cifar100,Fedpkda,cifar100_fedpkda_lp0.6_gp0.3,0,5,0.1644456289978678,,3.458058366984906
Cifar100,Fedpkda,cifar100_fedpkda_lp0.6_gp0.3,0,6,0.20015991471215352,,3.2200772031125577
Cifar100,Fedpkda,cifar100_fedpkda_lp0.6_gp0.3,0,7,0.23074360341151387,,2.989300074257284
Cifar100,Fedpkda,cifar100_fedpkda_lp0.6_gp0.3,0,8,0.24833422174840086,,2.8667865411080196
Cifar100,Fedpkda,cifar100_fedpkda_lp0.6_gp0.3,0,9,0.2645255863539446,,2.7485516828028316
Cifar100,Fedpkda,cifar100_fedpkda_lp0.6_gp0.3,0,10,0.2764525586353945,,2.6632228909710056
Cifar100,Fedpkda,cifar100_fedpkda_lp0.6_gp0.3,0,11,0.29364339019189767,,2.526859472837247
Cifar100,Fedpkda,cifar100_fedpkda_lp0.6_gp0.3,0,12,0.30103944562899787,,2.466755457922034
Cifar100,Fedpkda,cifar100_fedpkda_lp0.6_gp0.3,0,13,0.3115005330490405,,2.3949154978435154
Cifar100,Fedpkda,cifar100_fedpkda_lp0.6_gp0.3,0,14,0.3181636460554371,,2.340663475889855
Cifar100,Fedpkda,cifar100_fedpkda_lp0.6_gp0.3,0,15,0.32196162046908317,,2.302053646971523
Cifar100,Fedpkda,cifar100_fedpkda_lp0.6_gp0.3,0,16,0.3368869936034115,,2.2097769434943193
Cifar100,Fedpkda,cifar100_fedpkda_lp0.6_gp0.3,0,17,0.34814765458422176,,2.1406405568761255
Cifar100,Fedpkda,cifar100_fedpkda_lp0.6_gp0.3,0,18,0.36060767590618337,,2.038363140423525
Cifar100,Fedpkda,cifar100_fedpkda_lp0.6_gp0.3,0,19,0.36960287846481876,,1.9918791672367149
Cifar100,Fedpkda,cifar100_fedpkda_lp0.6_gp0.3,0,20,0.3714685501066098,,1.9544965082387846
Cifar100,Fedpkda,cifar100_fedpkda_lp0.6_gp0.3,0,21,0.3746668443496802,,1.9274353223883736
Cifar100,Fedpkda,cifar100_fedpkda_lp0.6_gp0.3,0,22,0.3790644989339019,,1.8788615178525638
Cifar100,Fedpkda,cifar100_fedpkda_lp0.6_gp0.3,0,23,0.3850613006396588,,1.8326590788955988
Cifar100,Fedpkda,cifar100_fedpkda_lp0.6_gp0.3,0,24,0.3987873134328358,,1.7401533552000923
Cifar100,Fedpkda,cifar100_fedpkda_lp0.6_gp0.3,0,25,0.40245202558635396,,1.6893471230016952
Cifar100,Fedpkda,cifar100_fedpkda_lp0.6_gp0.3,0,26,0.40618336886993606,,1.6506080495081217
Cifar100,Fedpkda,cifar100_fedpkda_lp0.6_gp0.3,0,27,0.41044776119402987,,1.6099708734219178
Cifar100,Fedpkda,cifar100_fedpkda_lp0.6_gp0.3,0,28,0.41431236673773986,,1.5679415895742248
Cifar100,Fedpkda,cifar100_fedpkda_lp0.6_gp0.3,0,29,0.4187100213219616,,1.5215488115152007
Cifar100,Fedpkda,cifar100_fedpkda_lp0.6_gp0.3,0,30,0.4247734541577825,,1.4605640102735122
Cifar100,Fedpkda,cifar100_fedpkda_lp0.6_gp0.3,0,31,0.42723880597014924,,1.4210623402822788
Cifar100,Fedpkda,cifar100_fedpkda_lp0.6_gp0.3,0,32,0.4304371002132196,,1.3781883444414953
Cifar100,Fedpkda,cifar100_fedpkda_lp0.6_gp0.3,0,33,0.43550106609808104,,1.3230289809514864
Cifar100,Fedpkda,cifar100_fedpkda_lp0.6_gp0.3,0,34,0.43789978678038377,,1.2868677877137082
Cifar100,Fedpkda,cifar100_fedpkda_lp0.6_gp0.3,0,35,0.44136460554371004,,1.2449051173339354
Cifar100,Fedpkda,cifar100_fedpkda_lp0.6_gp0.3,0,36,0.4438299573560768,,1.2017160081854892
Cifar100,Fedpkda,cifar100_fedpkda_lp0.6_gp0.3,0,37,0.44576226012793174,,1.1696829528137855
Cifar100,Fedpkda,cifar100_fedpkda_lp0.6_gp0.3,0,38,0.44576226012793174,,1.139204774869846
Cifar100,Fedpkda,cifar100_fedpkda_lp0.6_gp0.3,0,39,0.44956023454157784,,1.089854281838559
Cifar100,Fedpkda,cifar100_fedpkda_lp0.6_gp0.3,0,40,0.45242537313432835,,1.0442373554319708
Flowers102,FedAvg,flowers_fedavg_cnn,0,0,0.00872515753756665,,4.625932720766405
Flowers102,FedAvg,flowers_fedavg_cnn,0,1,0.03926320891904993,,4.493463319393855
Flowers102,FedAvg,flowers_fedavg_cnn,0,2,0.04701890450799806,,4.340882532603085
Flowers102,FedAvg,flowers_fedavg_cnn,0,3,0.06204556471158507,,4.255382813939606
Flowers102,FedAvg,flowers_fedavg_cnn,0,4,0.07222491517207949,,4.244093142023528
Flowers102,FedAvg,flowers_fedavg_cnn,0,5,0.06931652932622395,,4.146854850511785
Flowers102,FedAvg,flowers_fedavg_cnn,0,6,0.05622879301987397,,4.082352472585943
Flowers102,FedAvg,flowers_fedavg_cnn,0,7,0.10954920019389239,,3.86136103488444
Flowers102,FedAvg,flowers_fedavg_cnn,0,8,0.11488124091129423,,3.7330920689762124
Flowers102,FedAvg,flowers_fedavg_cnn,0,9,0.1289384391662627,,3.6108928282189434
Flowers102,FedAvg,flowers_fedavg_cnn,0,10,0.1434803683955405,,3.4757553748278918
Flowers102,FedAvg,flowers_fedavg_cnn,0,11,0.12069801260300533,,3.4870072359609994
Flowers102,FedAvg,flowers_fedavg_cnn,0,12,0.1328162869607368,,3.3745822123675646
Flowers102,FedAvg,flowers_fedavg_cnn,0,13,0.17789626757149782,,3.1931648260890952
Flowers102,FedAvg,flowers_fedavg_cnn,0,14,0.18952981095492002,,3.068351184639684
Flowers102,FedAvg,flowers_fedavg_cnn,0,15,0.19340765874939408,,3.0100378756302253
Flowers102,FedAvg,flowers_fedavg_cnn,0,16,0.1827435773145904,,2.8886911904779375
Flowers102,FedAvg,flowers_fedavg_cnn,0,17,0.19970916141541445,,2.759166056924685
Flowers102,FedAvg,flowers_fedavg_cnn,0,18,0.22055259331071256,,2.6922766342962143
Flowers102,FedAvg,flowers_fedavg_cnn,0,19,0.20649539505574407,,2.72400455761508
Flowers102,FedAvg,flowers_fedavg_cnn,0,20,0.21473582161900145,,2.6024403670746885
Flowers102,FedAvg,flowers_fedavg_cnn,0,21,0.22879301987396994,,2.52103808034993
Flowers102,FedAvg,flowers_fedavg_cnn,0,22,0.2142510906446922,,2.4926524259738767
Flowers102,FedAvg,flowers_fedavg_cnn,0,23,0.24963645176926805,,2.4361262921984905
Flowers102,FedAvg,flowers_fedavg_cnn,0,24,0.2350945225399903,,2.4381922941441756
Flowers102,FedAvg,flowers_fedavg_cnn,0,25,0.2375181774115366,,2.3776205945506246
Flowers102,FedAvg,flowers_fedavg_cnn,0,26,0.2292777508482792,,2.2517391807458056
Flowers102,FedAvg,flowers_fedavg_cnn,0,27,0.2806592341250606,,2.15071770169186
Flowers102,FedAvg,flowers_fedavg_cnn,0,28,0.2573921473582162,,2.1537451519953135
Flowers102,FedAvg,flowers_fedavg_cnn,0,29,0.24866698982064955,,2.1727257779005114
Flowers102,FedAvg,flowers_fedavg_cnn,0,30,0.26708676684440136,,2.103680088222839
Flowers102,FedAvg,flowers_fedavg_cnn,0,31,0.2724188075618032,,2.0767110325497566
Flowers102,FedAvg,flowers_fedavg_cnn,0,32,0.27047988366456616,,2.0091686034905
Flowers102,FedAvg,flowers_fedavg_cnn,0,33,0.290838584585555,,1.9295494006870553
Flowers102,FedAvg,flowers_fedavg_cnn,0,34,0.27047988366456616,,2.0314121045456432
Flowers102,FedAvg,flowers_fedavg_cnn,0,35,0.2835676199709161,,1.9855569205081918
Flowers102,FedAvg,flowers_fedavg_cnn,0,36,0.27775084827920504,,1.9349056350661071
Flowers102,FedAvg,flowers_fedavg_cnn,0,37,0.27775084827920504,,1.9598662260747248
Flowers102,FedAvg,flowers_fedavg_cnn,0,38,0.2840523509452254,,1.9202639675554527
Flowers102,FedAvg,flowers_fedavg_cnn,0,39,0.2864760058167717,,1.90116539228535
Flowers102,FedAvg,flowers_fedavg_cnn,0,40,0.3015026660203587,,1.8191771002471122
Flowers102,FedAvg,flowers_fedavg_cnn_jr0.1,0,0,0.00872515753756665,,4.625932720766405
Flowers102,FedAvg,flowers_fedavg_cnn_jr0.1,0,1,0.022782355792535142,,4.5756429807366725
Flowers102,FedAvg,flowers_fedavg_cnn_jr0.1,0,2,0.059621909840038775,,4.508188545216656
Flowers102,FedAvg,flowers_fedavg_cnn_jr0.1,0,3,0.0349006301502666,,4.438913833867627
Flowers102,FedAvg,flowers_fedavg_cnn_jr0.1,0,4,0.03296170625302957,,4.505939102952422
Flowers102,FedAvg,flowers_fedavg_cnn_jr0.1,0,5,0.05089675230247213,,4.576052107018411
Flowers102,FedAvg,flowers_fedavg_cnn_jr0.1,0,6,0.033931168201648085,,4.492577400129562
Flowers102,FedAvg,flowers_fedavg_cnn_jr0.1,0,7,0.0605913717886573,,4.328646873583261
Flowers102,FedAvg,flowers_fedavg_cnn_jr0.1,0,8,0.07028599127484246,,4.207016805537065
Flowers102,FedAvg,flowers_fedavg_cnn_jr0.1,0,9,0.059621909840038775,,4.274287014631224
Flowers102,FedAvg,flowers_fedavg_cnn_jr0.1,0,10,0.10664081434803684,,3.911470918954231
Flowers102,FedAvg,flowers_fedavg_cnn_jr0.1,0,11,0.09064469219583131,,4.031299046664537
Flowers102,FedAvg,flowers_fedavg_cnn_jr0.1,0,12,0.08822103732428502,,4.086769011592345
Flowers102,FedAvg,flowers_fedavg_cnn_jr0.1,0,13,0.11924381968007755,,3.7464181265973915
Flowers102,FedAvg,flowers_fedavg_cnn_jr0.1,0,14,0.14251090644692196,,3.5611828468151248
Flowers102,FedAvg,flowers_fedavg_cnn_jr0.1,0,15,0.1560833737275812,,3.4911783605570363
Flowers102,FedAvg,flowers_fedavg_cnn_jr0.1,0,16,0.12360639844886089,,3.3819677756657716
Flowers102,FedAvg,flowers_fedavg_cnn_jr0.1,0,17,0.11972855065438681,,3.4091391686035437
Flowers102,FedAvg,flowers_fedavg_cnn_jr0.1,0,18,0.1570528356761997,,3.250123554581842
Flowers102,FedAvg,flowers_fedavg_cnn_jr0.1,0,19,0.16917111003393118,,3.258423715423823
Flowers102,FedAvg,flowers_fedavg_cnn_jr0.1,0,20,0.1958313136209404,,3.0579854032324185
Flowers102,FedAvg,flowers_fedavg_cnn_jr0.1,0,21,0.17498788172564228,,3.1486515443396503
Flowers102,FedAvg,flowers_fedavg_cnn_jr0.1,0,22,0.18322830828889966,,2.973722472015454
Flowers102,FedAvg,flowers_fedavg_cnn_jr0.1,0,23,0.20116335433834223,,2.9659957615328745
Flowers102,FedAvg,flowers_fedavg_cnn_jr0.1,0,24,0.18419777023751818,,3.009966377788084
Flowers102,FedAvg,flowers_fedavg_cnn_jr0.1,0,25,0.1827435773145904,,2.9661002827640774
Flowers102,FedAvg,flowers_fedavg_cnn_jr0.1,0,26,0.2084343189529811,,2.895897037489213
Flowers102,FedAvg,flowers_fedavg_cnn_jr0.1,0,27,0.21037324285021813,,2.907172340138407
Flowers102,FedAvg,flowers_fedavg_cnn_jr0.1,0,28,0.22976248182258846,,2.8666996358607055
Flowers102,FedAvg,flowers_fedavg_cnn_jr0.1,0,29,0.20067862336403297,,2.759341744741562
Flowers102,FedAvg,flowers_fedavg_cnn_jr0.1,0,30,0.19534658264663113,,2.748633929084205
Flowers102,FedAvg,flowers_fedavg_cnn_jr0.1,0,31,0.19680077556955888,,2.7572052396772992
Flowers102,FedAvg,flowers_fedavg_cnn_jr0.1,0,32,0.22055259331071256,,2.666181235216375
Flowers102,FedAvg,flowers_fedavg_cnn_jr0.1,0,33,0.2409112942317014,,2.599797053440228
Flowers102,FedAvg,flowers_fedavg_cnn_jr0.1,0,34,0.21715947649054776,,2.6929739550294034
Flowers102,FedAvg,flowers_fedavg_cnn_jr0.1,0,35,0.24624333494910325,,2.580749869874453
Flowers102,FedAvg,flowers_fedavg_cnn_jr0.1,0,36,0.2525448376151236,,2.4628952221503373
Flowers102,FedAvg,flowers_fedavg_cnn_jr0.1,0,37,0.2142510906446922,,2.578921426828616
Flowers102,FedAvg,flowers_fedavg_cnn_jr0.1,0,38,0.24769752787203103,,2.417215272053386
Flowers102,FedAvg,flowers_fedavg_cnn_jr0.1,0,39,0.22976248182258846,,2.643479664233952
Flowers102,FedAvg,flowers_fedavg_cnn_jr0.1,0,40,0.23800290838584587,,2.7229057942550092
Flowers102,Fedpkda,flowers_fedpkda_cnn,0,0,0.00872515753756665,,4.625932720766405
Flowers102,Fedpkda,flowers_fedpkda_cnn,0,1,0.03926320891904993,,4.495126404619347
Flowers102,Fedpkda,flowers_fedpkda_cnn,0,2,0.06543868153174988,,4.287778919334308
Flowers102,Fedpkda,flowers_fedpkda_cnn,0,3,0.08822103732428502,,4.081225692738629
Flowers102,Fedpkda,flowers_fedpkda_cnn,0,4,0.101308773630635,,3.9126905634877467
Flowers102,Fedpkda,flowers_fedpkda_cnn,0,5,0.11827435773145904,,3.744179567459169
Flowers102,Fedpkda,flowers_fedpkda_cnn,0,6,0.12554532234609792,,3.651724496719298
Flowers102,Fedpkda,flowers_fedpkda_cnn,0,7,0.14687348521570529,,3.499885882928521
Flowers102,Fedpkda,flowers_fedpkda_cnn,0,8,0.15511391177896267,,3.374232148604432
Flowers102,Fedpkda,flowers_fedpkda_cnn,0,9,0.17498788172564228,,3.197205812144994
Flowers102,Fedpkda,flowers_fedpkda_cnn,0,10,0.18031992244304412,,3.1210691402653583
Flowers102,Fedpkda,flowers_fedpkda_cnn,0,11,0.18322830828889966,,3.0694142102545547
Flowers102,Fedpkda,flowers_fedpkda_cnn,0,12,0.19292292777508482,,2.9385982404287896
Flowers102,Fedpkda,flowers_fedpkda_cnn,0,13,0.20794958797867183,,2.809751377930758
Flowers102,Fedpkda,flowers_fedpkda_cnn,0,14,0.2200678623364033,,2.7369039407867826
Flowers102,Fedpkda,flowers_fedpkda_cnn,0,15,0.22733882695104218,,2.610410074771912
Flowers102,Fedpkda,flowers_fedpkda_cnn,0,16,0.24188075618031993,,2.4350716682805675
Flowers102,Fedpkda,flowers_fedpkda_cnn,0,17,0.2501211827435773,,2.3372844907503363
Flowers102,Fedpkda,flowers_fedpkda_cnn,0,18,0.260785264178381,,2.2266717484926333
Flowers102,Fedpkda,flowers_fedpkda_cnn,0,19,0.26369365002423656,,2.152745547346588
Flowers102,Fedpkda,flowers_fedpkda_cnn,0,20,0.2772661173048958,,2.0702521088012884
Flowers102,Fedpkda,flowers_fedpkda_cnn,0,21,0.27775084827920504,,2.016275636100639
Flowers102,Fedpkda,flowers_fedpkda_cnn,0,22,0.2879301987396995,,1.8911632017641042
Flowers102,Fedpkda,flowers_fedpkda_cnn,0,23,0.290838584585555,,1.848179706029736
Flowers102,Fedpkda,flowers_fedpkda_cnn,0,24,0.29665535627726614,,1.741853301710264
Flowers102,Fedpkda,flowers_fedpkda_cnn,0,25,0.3029568589432865,,1.6789953791478025
Flowers102,Fedpkda,flowers_fedpkda_cnn,0,26,0.31507513330101794,,1.5360948430419943
Flowers102,Fedpkda,flowers_fedpkda_cnn,0,27,0.317014057198255,,1.5028373253118115
Flowers102,Fedpkda,flowers_fedpkda_cnn,0,28,0.3213766359670383,,1.4204949093449668
Flowers102,Fedpkda,flowers_fedpkda_cnn,0,29,0.3213766359670383,,1.390354967572059
Flowers102,Fedpkda,flowers_fedpkda_cnn,0,30,0.3247697527872031,,1.3172072864033546
Flowers102,Fedpkda,flowers_fedpkda_cnn,0,31,0.32767813863305867,,1.2769666550432304
Flowers102,Fedpkda,flowers_fedpkda_cnn,0,32,0.3291323315559864,,1.2387201272012103
Flowers102,Fedpkda,flowers_fedpkda_cnn,0,33,0.3388269510421716,,1.136577965047119
Flowers102,Fedpkda,flowers_fedpkda_cnn,0,34,0.33834222006786235,,1.0965051841021234
Flowers102,Fedpkda,flowers_fedpkda_cnn,0,35,0.3393116820164809,,1.05684531124801
Flowers102,Fedpkda,flowers_fedpkda_cnn,0,36,0.34755210857973823,,0.9939211429951951
Flowers102,Fedpkda,flowers_fedpkda_cnn,0,37,0.3480368395540475,,0.9657635072840007
Flowers102,Fedpkda,flowers_fedpkda_cnn,0,38,0.35239941832283084,,0.933170186929222
Flowers102,Fedpkda,flowers_fedpkda_cnn,0,39,0.362094037809016,,0.8708239917615453
Flowers102,Fedpkda,flowers_fedpkda_cnn,0,40,0.3664566165777993,,0.8296497132456595
Flowers102,Fedpkda,flowers_fedpkda_cnn_jr0.1,0,0,0.00872515753756665,,4.625932720766405
Flowers102,Fedpkda,flowers_fedpkda_cnn_jr0.1,0,1,0.022782355792535142,,4.575893377413217
Flowers102,Fedpkda,flowers_fedpkda_cnn_jr0.1,0,2,0.03732428502181289,,4.502701676833857
Flowers102,Fedpkda,flowers_fedpkda_cnn_jr0.1,0,3,0.04992729035385361,,4.39889863141551
Flowers102,Fedpkda,flowers_fedpkda_cnn_jr0.1,0,4,0.057198254968492485,,4.329055617225917
Flowers102,Fedpkda,flowers_fedpkda_cnn_jr0.1,0,5,0.06543868153174988,,4.244354472173332
Flowers102,Fedpkda,flowers_fedpkda_cnn_jr0.1,0,6,0.07416383906931653,,4.166323070630066
Flowers102,Fedpkda,flowers_fedpkda_cnn_jr0.1,0,7,0.0930683470673776,,4.053861302965668
Flowers102,Fedpkda,flowers_fedpkda_cnn_jr0.1,0,8,0.10276296655356278,,3.9834200341954866
Flowers102,Fedpkda,flowers_fedpkda_cnn_jr0.1,0,9,0.12312166747455162,,3.8122160457460366
Flowers102,Fedpkda,flowers_fedpkda_cnn_jr0.1,0,10,0.13475521085797382,,3.707102165235161
Flowers102,Fedpkda,flowers_fedpkda_cnn_jr0.1,0,11,0.1512360639844886,,3.5976032457169786
Flowers102,Fedpkda,flowers_fedpkda_cnn_jr0.1,0,12,0.16723218613669413,,3.484733121921321
Flowers102,Fedpkda,flowers_fedpkda_cnn_jr0.1,0,13,0.16868637905962192,,3.422860786765408
Flowers102,Fedpkda,flowers_fedpkda_cnn_jr0.1,0,14,0.1885603490063015,,3.2357443142327043
Flowers102,Fedpkda,flowers_fedpkda_cnn_jr0.1,0,15,0.19340765874939408,,3.162319621045843
Flowers102,Fedpkda,flowers_fedpkda_cnn_jr0.1,0,16,0.20649539505574407,,3.0005088404673645
Flowers102,Fedpkda,flowers_fedpkda_cnn_jr0.1,0,17,0.2050412021328163,,2.9430074006400253
Flowers102,Fedpkda,flowers_fedpkda_cnn_jr0.1,0,18,0.21182743577314592,,2.8154507456423477
Flowers102,Fedpkda,flowers_fedpkda_cnn_jr0.1,0,19,0.23460979156568104,,2.6162691684769674
Flowers102,Fedpkda,flowers_fedpkda_cnn_jr0.1,0,20,0.2423654871546292,,2.5475535957949687
Flowers102,Fedpkda,flowers_fedpkda_cnn_jr0.1,0,21,0.25545322346097915,,2.3514858919528265
Flowers102,Fedpkda,flowers_fedpkda_cnn_jr0.1,0,22,0.26272418807561804,,2.2381411499320976
Flowers102,Fedpkda,flowers_fedpkda_cnn_jr0.1,0,23,0.275811924381968,,2.074110872495402
Flowers102,Fedpkda,flowers_fedpkda_cnn_jr0.1,0,24,0.2792050412021328,,2.0033831941496776
Flowers102,Fedpkda,flowers_fedpkda_cnn_jr0.1,0,25,0.28114396509936984,,1.9442238309078061
Flowers102,Fedpkda,flowers_fedpkda_cnn_jr0.1,0,26,0.28599127484246245,,1.885200111271575
Flowers102,Fedpkda,flowers_fedpkda_cnn_jr0.1,0,27,0.2898691226369365,,1.83705320678225
Flowers102,Fedpkda,flowers_fedpkda_cnn_jr0.1,0,28,0.2942317014057198,,1.7580578921601298
Flowers102,Fedpkda,flowers_fedpkda_cnn_jr0.1,0,29,0.2932622394571013,,1.704879285204313
Flowers102,Fedpkda,flowers_fedpkda_cnn_jr0.1,0,30,0.29665535627726614,,1.6188314159981887
Flowers102,Fedpkda,flowers_fedpkda_cnn_jr0.1,0,31,0.2985942801745031,,1.5875081329806948
Flowers102,Fedpkda,flowers_fedpkda_cnn_jr0.1,0,32,0.305865244789142,,1.5283896654275848
Flowers102,Fedpkda,flowers_fedpkda_cnn_jr0.1,0,33,0.31846825012118274,,1.3865981329364412
Flowers102,Fedpkda,flowers_fedpkda_cnn_jr0.1,0,34,0.3238002908385846,,1.3014494416580538
Flowers102,Fedpkda,flowers_fedpkda_cnn_jr0.1,0,35,0.32428502181289387,,1.2568083414833293
Flowers102,Fedpkda,flowers_fedpkda_cnn_jr0.1,0,36,0.32622394571013086,,1.212618951698415
Flowers102,Fedpkda,flowers_fedpkda_cnn_jr0.1,0,37,0.32670867668444015,,1.1706620638718073
Flowers102,Fedpkda,flowers_fedpkda_cnn_jr0.1,0,38,0.32767813863305867,,1.1311824473600622
Flowers102,Fedpkda,flowers_fedpkda_cnn_jr0.1,0,39,0.3315559864275327,,1.1019249512161806
Flowers102,Fedpkda,flowers_fedpkda_cnn_jr0.1,0,40,0.3330101793504605,,1.079718984034146
NSLKDD,FedAvg,nslkdd_fedavg_dnn,0,0,0.4808660759970915,,0.8432298843388316
NSLKDD,FedAvg,nslkdd_fedavg_dnn,0,1,0.7829423962513129,,0.3846932184240168
NSLKDD,FedAvg,nslkdd_fedavg_dnn,0,2,0.7972692753076778,,0.3092916982209267
NSLKDD,FedAvg,nslkdd_fedavg_dnn,0,3,0.9444429483209006,,0.14866127348197308
NSLKDD,FedAvg,nslkdd_fedavg_dnn,0,4,0.7470713381628201,,0.44499437616259746
NSLKDD,FedAvg,nslkdd_fedavg_dnn,0,5,0.7512455228502949,,0.5093909599962262
NSLKDD,FedAvg,nslkdd_fedavg_dnn,0,6,0.922925699512563,,0.24758637558506377
NSLKDD,FedAvg,nslkdd_fedavg_dnn,0,7,0.8486521422993025,,0.3604191862355449
NSLKDD,FedAvg,nslkdd_fedavg_dnn,0,8,0.932378208062909,,0.17537227653450385
NSLKDD,FedAvg,nslkdd_fedavg_dnn,0,9,0.9130423073815743,,0.19762620980841378
NSLKDD,FedAvg,nslkdd_fedavg_dnn,0,10,0.705221770392912,,1.3250210373496172
NSLKDD,FedAvg,nslkdd_fedavg_dnn,0,11,0.9098914711981256,,0.31453661039220443
NSLKDD,FedAvg,nslkdd_fedavg_dnn,0,12,0.829020009156276,,0.4265728755612547
NSLKDD,FedAvg,nslkdd_fedavg_dnn,0,13,0.8914173376780761,,0.2831089608474306
NSLKDD,FedAvg,nslkdd_fedavg_dnn,0,14,0.9237066760024776,,0.2495810396183987
NSLKDD,FedAvg,nslkdd_fedavg_dnn,0,15,0.9824145638650257,,0.06739215135079017
NSLKDD,FedAvg,nslkdd_fedavg_dnn,0,16,0.9402149031858454,,0.18924269956891276
NSLKDD,FedAvg,nslkdd_fedavg_dnn,0,17,0.8752861336277704,,0.3655895512294652
NSLKDD,FedAvg,nslkdd_fedavg_dnn,0,18,0.974362426951768,,0.08047042772758889
NSLKDD,FedAvg,nslkdd_fedavg_dnn,0,19,0.7157514878948644,,2.0914111487143563
NSLKDD,FedAvg,nslkdd_fedavg_dnn,0,20,0.7864433253440336,,0.5540869591350867
NSLKDD,FedAvg,nslkdd_fedavg_dnn,0,21,0.932378208062909,,0.1454440464915034
NSLKDD,FedAvg,nslkdd_fedavg_dnn,0,22,0.8793256671962943,,0.28805256352639236
NSLKDD,FedAvg,nslkdd_fedavg_dnn,0,23,0.9273153259903589,,0.15512094828770753
NSLKDD,FedAvg,nslkdd_fedavg_dnn,0,24,0.9007351951094713,,0.23440572773816531
NSLKDD,FedAvg,nslkdd_fedavg_dnn,0,25,0.8631944631459887,,0.3366557445326986
NSLKDD,FedAvg,nslkdd_fedavg_dnn,0,26,0.9464627151051626,,0.14980093051036014
NSLKDD,FedAvg,nslkdd_fedavg_dnn,0,27,0.9433118789217139,,0.16257760902154045
NSLKDD,FedAvg,nslkdd_fedavg_dnn,0,28,0.9192093286295209,,0.19145466224753976
NSLKDD,FedAvg,nslkdd_fedavg_dnn,0,29,0.8409770285191069,,0.4361616303135652
NSLKDD,FedAvg,nslkdd_fedavg_dnn,0,30,0.8267848005816928,,0.42728921110562096
NSLKDD,FedAvg,nslkdd_fedavg_dnn,0,31,0.9615167102038618,,0.11417120542124282
NSLKDD,FedAvg,nslkdd_fedavg_dnn,0,32,0.9544071311232596,,0.11617621181523527
NSLKDD,FedAvg,nslkdd_fedavg_dnn,0,33,0.953787735976086,,0.11895060137877304
NSLKDD,FedAvg,nslkdd_fedavg_dnn,0,34,0.9725311717340371,,0.0746905905895141
NSLKDD,FedAvg,nslkdd_fedavg_dnn,0,35,0.938949182667708,,0.17123721909759473
NSLKDD,FedAvg,nslkdd_fedavg_dnn,0,36,0.9934559556189912,,0.03223948436554055
NSLKDD,FedAvg,nslkdd_fedavg_dnn,0,37,0.9205289095952387,,0.26202996196795586
NSLKDD,FedAvg,nslkdd_fedavg_dnn,0,38,0.9671989874235855,,0.09237098475612418
NSLKDD,FedAvg,nslkdd_fedavg_dnn,0,39,0.9724503810626667,,0.0881881694431275
NSLKDD,FedAvg,nslkdd_fedavg_dnn,0,40,0.9447391807825923,,0.15870118635887506
NSLKDD,FedAvg,nslkdd_fedavg_dnn,0,41,0.9656370344437563,,0.0938595914338345
NSLKDD,FedAvg,nslkdd_fedavg_dnn,0,42,0.8817493873374088,,0.41334207957594427
NSLKDD,FedAvg,nslkdd_fedavg_dnn,0,43,0.9682223359276115,,0.08874564750975002
NSLKDD,FedAvg,nslkdd_fedavg_dnn,0,44,0.9693264751030081,,0.08636353526022715
NSLKDD,FedAvg,nslkdd_fedavg_dnn,0,45,0.9342633237282202,,0.2000427905072029
NSLKDD,FedAvg,nslkdd_fedavg_dnn,0,46,0.9930789324859289,,0.026524773584185188
NSLKDD,FedAvg,nslkdd_fedavg_dnn,0,47,0.9534645732906041,,0.11768141450910213
NSLKDD,FedAvg,nslkdd_fedavg_dnn,0,48,0.9230334204077236,,0.2701550920170397
NSLKDD,FedAvg,nslkdd_fedavg_dnn,0,49,0.9620014542320847,,0.09790821552545317
NSLKDD,FedAvg,nslkdd_fedavg_dnn,0,50,0.9615167102038618,,0.10118011507236495
NSLKDD,FedAvg,nslkdd_fedavg_dnn,0,51,0.9245953733875528,,0.2695325288145104
NSLKDD,FedAvg,nslkdd_fedavg_dnn,0,52,0.9366062531979641,,0.16700799451129986
NSLKDD,FedAvg,nslkdd_fedavg_dnn,0,53,0.9691110333126868,,0.0915553121253852
NSLKDD,FedAvg,nslkdd_fedavg_dnn,0,54,0.9585543855869443,,0.10500398266423189
NSLKDD,FedAvg,nslkdd_fedavg_dnn,0,55,0.9551073169418038,,0.13144009931315634
NSLKDD,FedAvg,nslkdd_fedavg_dnn,0,56,0.9428002046697008,,0.16709974239411116
NSLKDD,FedAvg,nslkdd_fedavg_dnn,0,57,0.9210405838472517,,0.21988608073741173
NSLKDD,FedAvg,nslkdd_fedavg_dnn,0,58,0.953626154633345,,0.1182923457448211
NSLKDD,FedAvg,nslkdd_fedavg_dnn,0,59,0.9751972638892629,,0.07289197654608565
NSLKDD,FedAvg,nslkdd_fedavg_dnn,0,60,0.966444941157461,,0.09061528523879829
NSLKDD,FedAvg,nslkdd_fedavg_dnn_jr0.1,0,0,0.4808660759970915,,0.8432298843388316
NSLKDD,FedAvg,nslkdd_fedavg_dnn_jr0.1,0,1,0.5289903859101069,,0.7619484767801207
NSLKDD,FedAvg,nslkdd_fedavg_dnn_jr0.1,0,2,0.5268628982306843,,1.40962957586777
NSLKDD,FedAvg,nslkdd_fedavg_dnn_jr0.1,0,3,0.643686209032397,,4.695922184560846
NSLKDD,FedAvg,nslkdd_fedavg_dnn_jr0.1,0,4,0.5095467643336116,,4.588954997101478
NSLKDD,FedAvg,nslkdd_fedavg_dnn_jr0.1,0,5,0.5534160988877818,,2.1277201937276926
NSLKDD,FedAvg,nslkdd_fedavg_dnn_jr0.1,0,6,0.5300675948617133,,3.3134611873228854
NSLKDD,FedAvg,nslkdd_fedavg_dnn_jr0.1,0,7,0.7810303503622115,,0.6123674545249492
NSLKDD,FedAvg,nslkdd_fedavg_dnn_jr0.1,0,8,0.5324374545552474,,3.2841765380559034
NSLKDD,FedAvg,nslkdd_fedavg_dnn_jr0.1,0,9,0.8292623811703875,,0.31249138231668366
NSLKDD,FedAvg,nslkdd_fedavg_dnn_jr0.1,0,10,0.5315756873939622,,3.7267450621639844
NSLKDD,FedAvg,nslkdd_fedavg_dnn_jr0.1,0,11,0.6506880672178386,,3.2223146354583423
NSLKDD,FedAvg,nslkdd_fedavg_dnn_jr0.1,0,12,0.5860824603452455,,3.1813723689480313
NSLKDD,FedAvg,nslkdd_fedavg_dnn_jr0.1,0,13,0.5347803840249913,,4.288897951455608
NSLKDD,FedAvg,nslkdd_fedavg_dnn_jr0.1,0,14,0.6644763417984003,,2.0353371911875997
NSLKDD,FedAvg,nslkdd_fedavg_dnn_jr0.1,0,15,0.5964236662806668,,1.5493735143976974
NSLKDD,FedAvg,nslkdd_fedavg_dnn_jr0.1,0,16,0.55481647052487,,3.831092577753261
NSLKDD,FedAvg,nslkdd_fedavg_dnn_jr0.1,0,17,0.9321627662725878,,0.171735376891738
NSLKDD,FedAvg,nslkdd_fedavg_dnn_jr0.1,0,18,0.583793391323082,,3.378773847524823
NSLKDD,FedAvg,nslkdd_fedavg_dnn_jr0.1,0,19,0.6687582473810357,,2.7835701827183827
NSLKDD,FedAvg,nslkdd_fedavg_dnn_jr0.1,0,20,0.5390892198314168,,1.121991494285813
NSLKDD,FedAvg,nslkdd_fedavg_dnn_jr0.1,0,21,0.6734441063205235,,0.857072085931209
NSLKDD,FedAvg,nslkdd_fedavg_dnn_jr0.1,0,22,0.5886139013815205,,3.3013991644688443
NSLKDD,FedAvg,nslkdd_fedavg_dnn_jr0.1,0,23,0.512132065817467,,1.9765080859532556
NSLKDD,FedAvg,nslkdd_fedavg_dnn_jr0.1,0,24,0.6274742143107209,,1.0056399890348569
NSLKDD,FedAvg,nslkdd_fedavg_dnn_jr0.1,0,25,0.5579673067083187,,2.9928217324946047
NSLKDD,FedAvg,nslkdd_fedavg_dnn_jr0.1,0,26,0.5839280424420327,,3.7118145642912657
NSLKDD,FedAvg,nslkdd_fedavg_dnn_jr0.1,0,27,0.6160019389761129,,1.4032745806615183
NSLKDD,FedAvg,nslkdd_fedavg_dnn_jr0.1,0,28,0.8519645598254921,,0.6887650855657392
NSLKDD,FedAvg,nslkdd_fedavg_dnn_jr0.1,0,29,0.5620337705006329,,2.663839887471869
NSLKDD,FedAvg,nslkdd_fedavg_dnn_jr0.1,0,30,0.5884523200387796,,1.8607820874320409
NSLKDD,FedAvg,nslkdd_fedavg_dnn_jr0.1,0,31,0.5781649745509385,,2.017597584774375
NSLKDD,FedAvg,nslkdd_fedavg_dnn_jr0.1,0,32,0.8676918105189454,,0.4002377810032628
NSLKDD,FedAvg,nslkdd_fedavg_dnn_jr0.1,0,33,0.48385533083779925,,3.7613831101332504
NSLKDD,FedAvg,nslkdd_fedavg_dnn_jr0.1,0,34,0.5182990870654135,,1.6663689316626238
NSLKDD,FedAvg,nslkdd_fedavg_dnn_jr0.1,0,35,0.5641881884038457,,1.1686093566460394
NSLKDD,FedAvg,nslkdd_fedavg_dnn_jr0.1,0,36,0.8649718579161393,,0.42940566212917886
NSLKDD,FedAvg,nslkdd_fedavg_dnn_jr0.1,0,37,0.9183475614682358,,0.2436085455467408
NSLKDD,FedAvg,nslkdd_fedavg_dnn_jr0.1,0,38,0.5572940511135648,,1.2533362202978158
NSLKDD,FedAvg,nslkdd_fedavg_dnn_jr0.1,0,39,0.9213637465327337,,0.19724767411690466
NSLKDD,FedAvg,nslkdd_fedavg_dnn_jr0.1,0,40,0.675706245118897,,2.309822744632817
NSLKDD,FedAvg,nslkdd_fedavg_dnn_jr0.1,0,41,0.5038914173376781,,3.726683464673714
NSLKDD,FedAvg,nslkdd_fedavg_dnn_jr0.1,0,42,0.9159507715509115,,0.23929171208266134
NSLKDD,FedAvg,nslkdd_fedavg_dnn_jr0.1,0,43,0.5834432984138098,,2.136303984433779
NSLKDD,FedAvg,nslkdd_fedavg_dnn_jr0.1,0,44,0.5800770204400398,,2.1513504285851397
NSLKDD,FedAvg,nslkdd_fedavg_dnn_jr0.1,0,45,0.5611720033393478,,3.0787332143314767
NSLKDD,FedAvg,nslkdd_fedavg_dnn_jr0.1,0,46,0.5599870734925807,,3.5470751359776385
NSLKDD,FedAvg,nslkdd_fedavg_dnn_jr0.1,0,47,0.5909837610750546,,3.563853594137063
NSLKDD,FedAvg,nslkdd_fedavg_dnn_jr0.1,0,48,0.8130503864487114,,0.6159610396753004
NSLKDD,FedAvg,nslkdd_fedavg_dnn_jr0.1,0,49,0.9392723453531899,,0.180748721863376
NSLKDD,FedAvg,nslkdd_fedavg_dnn_jr0.1,0,50,0.5394393127406889,,3.4233165731127233
NSLKDD,FedAvg,nslkdd_fedavg_dnn_jr0.1,0,51,0.5821775778956723,,2.070802350295642
NSLKDD,FedAvg,nslkdd_fedavg_dnn_jr0.1,0,52,0.563918886165944,,3.386439420212764
NSLKDD,FedAvg,nslkdd_fedavg_dnn_jr0.1,0,53,0.9268844424097165,,0.21668224556975169
NSLKDD,FedAvg,nslkdd_fedavg_dnn_jr0.1,0,54,0.6089731505668812,,1.2545302915009178
NSLKDD,FedAvg,nslkdd_fedavg_dnn_jr0.1,0,55,0.9408612285568093,,0.18042915316326832
NSLKDD,FedAvg,nslkdd_fedavg_dnn_jr0.1,0,56,0.498316861013115,,1.821525256716519
NSLKDD,FedAvg,nslkdd_fedavg_dnn_jr0.1,0,57,0.4934424905070961,,1.6782828381723718
NSLKDD,FedAvg,nslkdd_fedavg_dnn_jr0.1,0,58,0.5517194947890017,,1.423862869622204
NSLKDD,FedAvg,nslkdd_fedavg_dnn_jr0.1,0,59,0.688363450300272,,1.8582726055979581
NSLKDD,FedAvg,nslkdd_fedavg_dnn_jr0.1,0,60,0.5338916866399159,,3.302492485567099
NSLKDD,FedAvg,nslkdd_fedavg_dnn_jr0.2,0,0,0.4808660759970915,,0.8432298843388316
NSLKDD,FedAvg,nslkdd_fedavg_dnn_jr0.2,0,1,0.5990358979883122,,0.6713953044387597
NSLKDD,FedAvg,nslkdd_fedavg_dnn_jr0.2,0,2,0.685832009263997,,0.6270221256438879
NSLKDD,FedAvg,nslkdd_fedavg_dnn_jr0.2,0,3,0.6434976974658659,,3.2896422344500524
NSLKDD,FedAvg,nslkdd_fedavg_dnn_jr0.2,0,4,0.5609027011014461,,1.381032370594607
NSLKDD,FedAvg,nslkdd_fedavg_dnn_jr0.2,0,5,0.6051759890124687,,1.839818989583826
NSLKDD,FedAvg,nslkdd_fedavg_dnn_jr0.2,0,6,0.6388118385263781,,3.3680543673997567
NSLKDD,FedAvg,nslkdd_fedavg_dnn_jr0.2,0,7,0.4832897961382059,,2.114504954575385
NSLKDD,FedAvg,nslkdd_fedavg_dnn_jr0.2,0,8,0.5420515444483344,,2.6174188292957865
NSLKDD,FedAvg,nslkdd_fedavg_dnn_jr0.2,0,9,0.6975735868365066,,1.2891375459275662
NSLKDD,FedAvg,nslkdd_fedavg_dnn_jr0.2,0,10,0.5323297336600867,,5.239024461002656
NSLKDD,FedAvg,nslkdd_fedavg_dnn_jr0.2,0,11,0.8571351627932028,,1.4446383532108076
NSLKDD,FedAvg,nslkdd_fedavg_dnn_jr0.2,0,12,0.6386771874074274,,2.959232544311967
NSLKDD,FedAvg,nslkdd_fedavg_dnn_jr0.2,0,13,0.5377965690894891,,4.589626613461478
NSLKDD,FedAvg,nslkdd_fedavg_dnn_jr0.2,0,14,0.7349527374572483,,2.289054872169718
NSLKDD,FedAvg,nslkdd_fedavg_dnn_jr0.2,0,15,0.5969353405326798,,1.2116576214049755
NSLKDD,FedAvg,nslkdd_fedavg_dnn_jr0.2,0,16,0.854630651980718,,0.39979393098701915
NSLKDD,FedAvg,nslkdd_fedavg_dnn_jr0.2,0,17,0.9372256483451378,,0.17986503839612086
NSLKDD,FedAvg,nslkdd_fedavg_dnn_jr0.2,0,18,0.6718013626693238,,2.6233205608486894
NSLKDD,FedAvg,nslkdd_fedavg_dnn_jr0.2,0,19,0.6670616432822557,,3.0227873987109932
NSLKDD,FedAvg,nslkdd_fedavg_dnn_jr0.2,0,20,0.9318126733633156,,0.19320233691737687
NSLKDD,FedAvg,nslkdd_fedavg_dnn_jr0.2,0,21,0.5955618991193817,,2.12361286629707
NSLKDD,FedAvg,nslkdd_fedavg_dnn_jr0.2,0,22,0.5985780841838796,,3.3952303983873464
NSLKDD,FedAvg,nslkdd_fedavg_dnn_jr0.2,0,23,0.6919990305119436,,0.6974509087316739
NSLKDD,FedAvg,nslkdd_fedavg_dnn_jr0.2,0,24,0.7750249104570059,,0.6026590754711273
NSLKDD,FedAvg,nslkdd_fedavg_dnn_jr0.2,0,25,0.6727977809495597,,2.1977204279738842
NSLKDD,FedAvg,nslkdd_fedavg_dnn_jr0.2,0,26,0.9187515148250882,,0.1963008126756946
NSLKDD,FedAvg,nslkdd_fedavg_dnn_jr0.2,0,27,0.601513478577007,,1.9855470414145007
NSLKDD,FedAvg,nslkdd_fedavg_dnn_jr0.2,0,28,0.8719737161015808,,0.5356876621316766
NSLKDD,FedAvg,nslkdd_fedavg_dnn_jr0.2,0,29,0.5631648398998196,,2.6218165467911567
NSLKDD,FedAvg,nslkdd_fedavg_dnn_jr0.2,0,30,0.6077882207201142,,2.743380951079356
NSLKDD,FedAvg,nslkdd_fedavg_dnn_jr0.2,0,31,0.9016238924945467,,0.25570980198756316
NSLKDD,FedAvg,nslkdd_fedavg_dnn_jr0.2,0,32,0.7304553900842916,,0.9986824801234367
NSLKDD,FedAvg,nslkdd_fedavg_dnn_jr0.2,0,33,0.5158215064767189,,3.5594608331933904
NSLKDD,FedAvg,nslkdd_fedavg_dnn_jr0.2,0,34,0.8089569924326071,,0.7581646489407625
NSLKDD,FedAvg,nslkdd_fedavg_dnn_jr0.2,0,35,0.6947189831147497,,1.7004812431774134
NSLKDD,FedAvg,nslkdd_fedavg_dnn_jr0.2,0,36,0.5905259472706218,,3.445361568793755
NSLKDD,FedAvg,nslkdd_fedavg_dnn_jr0.2,0,37,0.751110871731344,,1.4973568999617914
NSLKDD,FedAvg,nslkdd_fedavg_dnn_jr0.2,0,38,0.6379500713650931,,2.0219937008065494
NSLKDD,FedAvg,nslkdd_fedavg_dnn_jr0.2,0,39,0.8921713839442006,,0.323529894543768
NSLKDD,FedAvg,nslkdd_fedavg_dnn_jr0.2,0,40,0.8672609269383028,,0.39504675109199083
NSLKDD,FedAvg,nslkdd_fedavg_dnn_jr0.2,0,41,0.8689306008132928,,0.2996387907131207
NSLKDD,FedAvg,nslkdd_fedavg_dnn_jr0.2,0,42,0.6110467777987235,,1.758912870628444
NSLKDD,FedAvg,nslkdd_fedavg_dnn_jr0.2,0,43,0.6124471494358118,,1.3953553301145745
NSLKDD,FedAvg,nslkdd_fedavg_dnn_jr0.2,0,44,0.6362534672663129,,2.393506879676824
NSLKDD,FedAvg,nslkdd_fedavg_dnn_jr0.2,0,45,0.6290361672905502,,1.1781252498939583
NSLKDD,FedAvg,nslkdd_fedavg_dnn_jr0.2,0,46,0.7465865941345973,,1.7642442480651865
NSLKDD,FedAvg,nslkdd_fedavg_dnn_jr0.2,0,47,0.6485067190908357,,0.9914435158808511
NSLKDD,FedAvg,nslkdd_fedavg_dnn_jr0.2,0,48,0.7529690571728651,,0.872671688044335
NSLKDD,FedAvg,nslkdd_fedavg_dnn_jr0.2,0,49,0.5059381143457302,,2.3700180471987413
NSLKDD,FedAvg,nslkdd_fedavg_dnn_jr0.2,0,50,0.5412436377346296,,2.5069387505612046
NSLKDD,FedAvg,nslkdd_fedavg_dnn_jr0.2,0,51,0.8890205477607519,,0.3433057025370822
NSLKDD,FedAvg,nslkdd_fedavg_dnn_jr0.2,0,52,0.92580723345811,,0.21381418230693808
NSLKDD,FedAvg,nslkdd_fedavg_dnn_jr0.2,0,53,0.8415156329949102,,0.5100985663174404
NSLKDD,FedAvg,nslkdd_fedavg_dnn_jr0.2,0,54,0.7571163116365497,,0.7840337955526946
NSLKDD,FedAvg,nslkdd_fedavg_dnn_jr0.2,0,55,0.7187407427355721,,1.345931933106776
NSLKDD,FedAvg,nslkdd_fedavg_dnn_jr0.2,0,56,0.5238197829423963,,1.6548694056054085
NSLKDD,FedAvg,nslkdd_fedavg_dnn_jr0.2,0,57,0.8430775859747395,,0.6267939181022031
NSLKDD,FedAvg,nslkdd_fedavg_dnn_jr0.2,0,58,0.6171868688228799,,1.4589002994513205
NSLKDD,FedAvg,nslkdd_fedavg_dnn_jr0.2,0,59,0.8337597285433442,,1.2395944689979554
NSLKDD,FedAvg,nslkdd_fedavg_dnn_jr0.2,0,60,0.5501844720329626,,1.77031979622702
NSLKDD,FedAvg,nslkdd_fedavg_dnn_lr5e-3,0,0,0.4808660759970915,,0.8432298843388316
NSLKDD,FedAvg,nslkdd_fedavg_dnn_lr5e-3,0,1,0.7843966283359814,,0.38157613088878595
NSLKDD,FedAvg,nslkdd_fedavg_dnn_lr5e-3,0,2,0.9057172865106509,,0.2665469771680103
NSLKDD,FedAvg,nslkdd_fedavg_dnn_lr5e-3,0,3,0.9392184849056096,,0.20731087484171426
NSLKDD,FedAvg,nslkdd_fedavg_dnn_lr5e-3,0,4,0.9180782592303343,,0.17167263181167697
NSLKDD,FedAvg,nslkdd_fedavg_dnn_lr5e-3,0,5,0.8998195675006059,,0.20100097421449042
NSLKDD,FedAvg,nslkdd_fedavg_dnn_lr5e-3,0,6,0.7790644440255299,,0.4568352281093483
NSLKDD,FedAvg,nslkdd_fedavg_dnn_lr5e-3,0,7,0.8526378154202462,,0.4923943185724022
NSLKDD,FedAvg,nslkdd_fedavg_dnn_lr5e-3,0,8,0.9357175558128888,,0.17555189209246344
NSLKDD,FedAvg,nslkdd_fedavg_dnn_lr5e-3,0,9,0.9254032801012576,,0.20442857760211217
NSLKDD,FedAvg,nslkdd_fedavg_dnn_lr5e-3,0,10,0.7125737214876255,,1.4860902593856913
NSLKDD,FedAvg,nslkdd_fedavg_dnn_lr5e-3,0,11,0.9148735625993052,,0.33700183291140245
NSLKDD,FedAvg,nslkdd_fedavg_dnn_lr5e-3,0,12,0.9335092774620957,,0.23872161454383325
NSLKDD,FedAvg,nslkdd_fedavg_dnn_lr5e-3,0,13,0.829504753184499,,0.42389859702102106
NSLKDD,FedAvg,nslkdd_fedavg_dnn_lr5e-3,0,14,0.9355290442463576,,0.14295442001822825
NSLKDD,FedAvg,nslkdd_fedavg_dnn_lr5e-3,0,15,0.9840034470686452,,0.05926659341368866
NSLKDD,FedAvg,nslkdd_fedavg_dnn_lr5e-3,0,16,0.9590660598389572,,0.09852912123956088
NSLKDD,FedAvg,nslkdd_fedavg_dnn_lr5e-3,0,17,0.882449573155953,,0.43120812316837154
NSLKDD,FedAvg,nslkdd_fedavg_dnn_lr5e-3,0,18,0.9674144292139067,,0.07496641530215475
NSLKDD,FedAvg,nslkdd_fedavg_dnn_lr5e-3,0,19,0.7195486494492769,,2.336113362091909
NSLKDD,FedAvg,nslkdd_fedavg_dnn_lr5e-3,0,20,0.8071526674386664,,0.5699878410675829
NSLKDD,FedAvg,nslkdd_fedavg_dnn_lr5e-3,0,21,0.9531414106051221,,0.12562902395484302
NSLKDD,FedAvg,nslkdd_fedavg_dnn_lr5e-3,0,22,0.8984461260873078,,0.31373359646781884
NSLKDD,FedAvg,nslkdd_fedavg_dnn_lr5e-3,0,23,0.9702690329356637,,0.06883487422482781
NSLKDD,FedAvg,nslkdd_fedavg_dnn_lr5e-3,0,24,0.9537069453047154,,0.13110458752003143
NSLKDD,FedAvg,nslkdd_fedavg_dnn_lr5e-3,0,25,0.8291815904990171,,0.640644318408813
NSLKDD,FedAvg,nslkdd_fedavg_dnn_lr5e-3,0,26,0.9360676487221609,,0.19396850242339733
NSLKDD,FedAvg,nslkdd_fedavg_dnn_lr5e-3,0,27,0.9444968087684809,,0.19402029925315512
NSLKDD,FedAvg,nslkdd_fedavg_dnn_lr5e-3,0,28,0.9667411736191528,,0.07900152830575637
NSLKDD,FedAvg,nslkdd_fedavg_dnn_lr5e-3,0,29,0.9122344006678695,,0.22403068660972097
NSLKDD,FedAvg,nslkdd_fedavg_dnn_lr5e-3,0,30,0.8229337785797,,0.5877447202825895
NSLKDD,FedAvg,nslkdd_fedavg_dnn_lr5e-3,0,31,0.9567769908167937,,0.15787696390077877
NSLKDD,FedAvg,nslkdd_fedavg_dnn_lr5e-3,0,32,0.9712115907683193,,0.0889245887672883
NSLKDD,FedAvg,nslkdd_fedavg_dnn_lr5e-3,0,33,0.9723157299437158,,0.08036311031986795
NSLKDD,FedAvg,nslkdd_fedavg_dnn_lr5e-3,0,34,0.9868849810141922,,0.044540929556332154
NSLKDD,FedAvg,nslkdd_fedavg_dnn_lr5e-3,0,35,0.96122047774217,,0.0923373105437876
NSLKDD,FedAvg,nslkdd_fedavg_dnn_lr5e-3,0,36,0.9929712115907683,,0.02851766837444772
NSLKDD,FedAvg,nslkdd_fedavg_dnn_lr5e-3,0,37,0.95109471359707,,0.12287453882039372
NSLKDD,FedAvg,nslkdd_fedavg_dnn_lr5e-3,0,38,0.9557536423127676,,0.1350756795842476
NSLKDD,FedAvg,nslkdd_fedavg_dnn_lr5e-3,0,39,0.965771685562707,,0.12291175766512265
NSLKDD,FedAvg,nslkdd_fedavg_dnn_lr5e-3,0,40,0.969811219131231,,0.07611543352623547
NSLKDD,FedAvg,nslkdd_fedavg_dnn_lr5e-3,0,41,0.9878006086230576,,0.0469950414213492
NSLKDD,FedAvg,nslkdd_fedavg_dnn_lr5e-3,0,42,0.9230872808553039,,0.21432665974295775
NSLKDD,FedAvg,nslkdd_fedavg_dnn_lr5e-3,0,43,0.9663910807098807,,0.11096300473759055
NSLKDD,FedAvg,nslkdd_fedavg_dnn_lr5e-3,0,44,0.95615759566962,,0.13326854033632216
NSLKDD,FedAvg,nslkdd_fedavg_dnn_lr5e-3,0,45,0.9095683085126437,,0.3049202431477024
NSLKDD,FedAvg,nslkdd_fedavg_dnn_lr5e-3,0,46,0.9946678156895484,,0.021056892186993553
NSLKDD,FedAvg,nslkdd_fedavg_dnn_lr5e-3,0,47,0.950421458002316,,0.13659640995421826
NSLKDD,FedAvg,nslkdd_fedavg_dnn_lr5e-3,0,48,0.925457140548838,,0.3159226836373661
NSLKDD,FedAvg,nslkdd_fedavg_dnn_lr5e-3,0,49,0.9750626127703121,,0.06971746812270621
NSLKDD,FedAvg,nslkdd_fedavg_dnn_lr5e-3,0,50,0.987181213475884,,0.04487444911157261
NSLKDD,FedAvg,nslkdd_fedavg_dnn_lr5e-3,0,51,0.9547033635849513,,0.11813347076932235
NSLKDD,FedAvg,nslkdd_fedavg_dnn_lr5e-3,0,52,0.9533837826192335,,0.1332039928055183
NSLKDD,FedAvg,nslkdd_fedavg_dnn_lr5e-3,0,53,0.9686801497320443,,0.08778310691403066
NSLKDD,FedAvg,nslkdd_fedavg_dnn_lr5e-3,0,54,0.9651792206393235,,0.09599737782404401
NSLKDD,FedAvg,nslkdd_fedavg_dnn_lr5e-3,0,55,0.9432310882503434,,0.1703823295679024
NSLKDD,FedAvg,nslkdd_fedavg_dnn_lr5e-3,0,56,0.942153879298737,,0.19875173800084076
NSLKDD,FedAvg,nslkdd_fedavg_dnn_lr5e-3,0,57,0.9646675463873104,,0.0899286365208927
NSLKDD,FedAvg,nslkdd_fedavg_dnn_lr5e-3,0,58,0.9719387068106536,,0.07674937570457518
NSLKDD,FedAvg,nslkdd_fedavg_dnn_lr5e-3,0,59,0.9751972638892629,,0.07749459787419256
NSLKDD,FedAvg,nslkdd_fedavg_dnn_lr5e-3,0,60,0.9767592168690922,,0.0719493906804465
NSLKDD,Fedpkda,nslkdd_fedpkda_dnn,0,0,0.4808660759970915,,0.8432298843388316
NSLKDD,Fedpkda,nslkdd_fedpkda_dnn,0,1,0.7832655589367947,,0.3845488012677572
NSLKDD,Fedpkda,nslkdd_fedpkda_dnn,0,2,0.9660140575768185,,0.10327377251331976
NSLKDD,Fedpkda,nslkdd_fedpkda_dnn,0,3,0.9714270325586406,,0.08645638944282245
NSLKDD,Fedpkda,nslkdd_fedpkda_dnn,0,4,0.9781057280586002,,0.07615317093733527
NSLKDD,Fedpkda,nslkdd_fedpkda_dnn,0,5,0.9781865187299706,,0.07534471280888348
NSLKDD,Fedpkda,nslkdd_fedpkda_dnn,0,6,0.9786443325344034,,0.07407573081940275
NSLKDD,Fedpkda,nslkdd_fedpkda_dnn,0,7,0.9788328441009345,,0.07377759933330513
NSLKDD,Fedpkda,nslkdd_fedpkda_dnn,0,8,0.9786443325344034,,0.07328236740851352
NSLKDD,Fedpkda,nslkdd_fedpkda_dnn,0,9,0.9960143268790563,,0.016058804529944994
NSLKDD,Fedpkda,nslkdd_fedpkda_dnn,0,10,0.9960412571028465,,0.015929090128780552
NSLKDD,Fedpkda,nslkdd_fedpkda_dnn,0,11,0.9960412571028465,,0.015722309462892124
NSLKDD,Fedpkda,nslkdd_fedpkda_dnn,0,12,0.9963644197883285,,0.015034294583619203
NSLKDD,Fedpkda,nslkdd_fedpkda_dnn,0,13,0.9964990709072793,,0.014734727192678279
NSLKDD,Fedpkda,nslkdd_fedpkda_dnn,0,14,0.9965260011310694,,0.014431188579951525
NSLKDD,Fedpkda,nslkdd_fedpkda_dnn,0,15,0.9965260011310694,,0.014264408464400049
NSLKDD,Fedpkda,nslkdd_fedpkda_dnn,0,16,0.9964452104596989,,0.013935148570168771
NSLKDD,Fedpkda,nslkdd_fedpkda_dnn,0,17,0.9965260011310694,,0.013786555977223499
NSLKDD,Fedpkda,nslkdd_fedpkda_dnn,0,18,0.9965260011310694,,0.013629316304390798
NSLKDD,Fedpkda,nslkdd_fedpkda_dnn,0,19,0.9964452104596989,,0.013548557669290789
NSLKDD,Fedpkda,nslkdd_fedpkda_dnn,0,20,0.9965798615786498,,0.013274019410565194
NSLKDD,Fedpkda,nslkdd_fedpkda_dnn,0,21,0.9965529313548596,,0.013028754706272712
NSLKDD,Fedpkda,nslkdd_fedpkda_dnn,0,22,0.9965529313548596,,0.012910898777301281
NSLKDD,Fedpkda,nslkdd_fedpkda_dnn,0,23,0.9965260011310694,,0.012759613554285468
NSLKDD,Fedpkda,nslkdd_fedpkda_dnn,0,24,0.9965529313548596,,0.01258157123333139
NSLKDD,Fedpkda,nslkdd_fedpkda_dnn,0,25,0.9965529313548596,,0.012522717177665002
NSLKDD,Fedpkda,nslkdd_fedpkda_dnn,0,26,0.9965798615786498,,0.012428332302357376
NSLKDD,Fedpkda,nslkdd_fedpkda_dnn,0,27,0.9966067918024398,,0.012368746665995344
NSLKDD,Fedpkda,nslkdd_fedpkda_dnn,0,28,0.9965798615786498,,0.01231480717500532
NSLKDD,Fedpkda,nslkdd_fedpkda_dnn,0,29,0.9966067918024398,,0.012158297075933236
NSLKDD,Fedpkda,nslkdd_fedpkda_dnn,0,30,0.9966067918024398,,0.012123442295012258
NSLKDD,Fedpkda,nslkdd_fedpkda_dnn,0,31,0.99663372202623,,0.012005133831585085
NSLKDD,Fedpkda,nslkdd_fedpkda_dnn,0,32,0.9967145126976005,,0.011931317830827749
NSLKDD,Fedpkda,nslkdd_fedpkda_dnn,0,33,0.9966606522500202,,0.01180518275053555
NSLKDD,Fedpkda,nslkdd_fedpkda_dnn,0,34,0.99663372202623,,0.01174492105616055
NSLKDD,Fedpkda,nslkdd_fedpkda_dnn,0,35,0.9967145126976005,,0.011656902792900615
NSLKDD,Fedpkda,nslkdd_fedpkda_dnn,0,36,0.9967145126976005,,0.011617237033069223
NSLKDD,Fedpkda,nslkdd_fedpkda_dnn,0,37,0.9967145126976005,,0.01157100418631882
NSLKDD,Fedpkda,nslkdd_fedpkda_dnn,0,38,0.9967414429213907,,0.011544905670333764
NSLKDD,Fedpkda,nslkdd_fedpkda_dnn,0,39,0.9967414429213907,,0.011441819652857201
NSLKDD,Fedpkda,nslkdd_fedpkda_dnn,0,40,0.9966606522500202,,0.011394200323923645
NSLKDD,Fedpkda,nslkdd_fedpkda_dnn,0,41,0.9966875824738104,,0.011315121608640451
NSLKDD,Fedpkda,nslkdd_fedpkda_dnn,0,42,0.9966875824738104,,0.011244003451158382
NSLKDD,Fedpkda,nslkdd_fedpkda_dnn,0,43,0.9967145126976005,,0.011185709237764229
NSLKDD,Fedpkda,nslkdd_fedpkda_dnn,0,44,0.9967145126976005,,0.011172611308176475
NSLKDD,Fedpkda,nslkdd_fedpkda_dnn,0,45,0.9967145126976005,,0.011105980013625037
NSLKDD,Fedpkda,nslkdd_fedpkda_dnn,0,46,0.9967145126976005,,0.01109197399797205
NSLKDD,Fedpkda,nslkdd_fedpkda_dnn,0,47,0.9966875824738104,,0.011083652191368086
NSLKDD,Fedpkda,nslkdd_fedpkda_dnn,0,48,0.9966875824738104,,0.011051086425918897
NSLKDD,Fedpkda,nslkdd_fedpkda_dnn,0,49,0.9966875824738104,,0.010957549102731211
NSLKDD,Fedpkda,nslkdd_fedpkda_dnn,0,50,0.9967145126976005,,0.01091371154925692
NSLKDD,Fedpkda,nslkdd_fedpkda_dnn,0,51,0.9967145126976005,,0.010865116379540693
NSLKDD,Fedpkda,nslkdd_fedpkda_dnn,0,52,0.9967683731451809,,0.010805459976919594
NSLKDD,Fedpkda,nslkdd_fedpkda_dnn,0,53,0.9968222335927611,,0.010754259411497578
NSLKDD,Fedpkda,nslkdd_fedpkda_dnn,0,54,0.996795303368971,,0.010693358976017876
NSLKDD,Fedpkda,nslkdd_fedpkda_dnn,0,55,0.9968222335927611,,0.010652018347800394
NSLKDD,Fedpkda,nslkdd_fedpkda_dnn,0,56,0.9968222335927611,,0.010607516980472766
NSLKDD,Fedpkda,nslkdd_fedpkda_dnn,0,57,0.9968491638165513,,0.010574977786130453
NSLKDD,Fedpkda,nslkdd_fedpkda_dnn,0,58,0.9968491638165513,,0.010531346692965434
NSLKDD,Fedpkda,nslkdd_fedpkda_dnn,0,59,0.9968222335927611,,0.010518539232424986
NSLKDD,Fedpkda,nslkdd_fedpkda_dnn,0,60,0.996795303368971,,0.01044577735830014
NSLKDD,Fedpkda,nslkdd_fedpkda_dnn_jr0.1,0,0,0.4808660759970915,,0.8432298843388316
NSLKDD,Fedpkda,nslkdd_fedpkda_dnn_jr0.1,0,1,0.5289903859101069,,0.7619649673809378
NSLKDD,Fedpkda,nslkdd_fedpkda_dnn_jr0.1,0,2,0.5436673578757439,,0.7139536768840178
NSLKDD,Fedpkda,nslkdd_fedpkda_dnn_jr0.1,0,3,0.6610562033770501,,0.554311438068505
NSLKDD,Fedpkda,nslkdd_fedpkda_dnn_jr0.1,0,4,0.6691083402903079,,0.5380106429264007
NSLKDD,Fedpkda,nslkdd_fedpkda_dnn_jr0.1,0,5,0.674871408181402,,0.5292701955061024
NSLKDD,Fedpkda,nslkdd_fedpkda_dnn_jr0.1,0,6,0.6803921040583847,,0.5160493425231791
NSLKDD,Fedpkda,nslkdd_fedpkda_dnn_jr0.1,0,7,0.6915142864837207,,0.5026203873836601
NSLKDD,Fedpkda,nslkdd_fedpkda_dnn_jr0.1,0,8,0.6998895860824603,,0.4749843900224227
NSLKDD,Fedpkda,nslkdd_fedpkda_dnn_jr0.1,0,9,0.6999165163062505,,0.47497734541545633
NSLKDD,Fedpkda,nslkdd_fedpkda_dnn_jr0.1,0,10,0.7102038617940916,,0.4421054659844571
NSLKDD,Fedpkda,nslkdd_fedpkda_dnn_jr0.1,0,11,0.7106886058223144,,0.44108591974768774
NSLKDD,Fedpkda,nslkdd_fedpkda_dnn_jr0.1,0,12,0.7277623677052756,,0.3842285040457012
NSLKDD,Fedpkda,nslkdd_fedpkda_dnn_jr0.1,0,13,0.7380766434169068,,0.35245905569157865
NSLKDD,Fedpkda,nslkdd_fedpkda_dnn_jr0.1,0,14,0.7380766434169068,,0.35246646656285546
NSLKDD,Fedpkda,nslkdd_fedpkda_dnn_jr0.1,0,15,0.7380766434169068,,0.3525114535697278
NSLKDD,Fedpkda,nslkdd_fedpkda_dnn_jr0.1,0,16,0.738103573640697,,0.35194359535635844
NSLKDD,Fedpkda,nslkdd_fedpkda_dnn_jr0.1,0,17,0.8928984999865349,,0.15061925750879726
NSLKDD,Fedpkda,nslkdd_fedpkda_dnn_jr0.1,0,18,0.8928446395389545,,0.1506368169588523
NSLKDD,Fedpkda,nslkdd_fedpkda_dnn_jr0.1,0,19,0.8928446395389545,,0.15053672039087573
NSLKDD,Fedpkda,nslkdd_fedpkda_dnn_jr0.1,0,20,0.9628632213933698,,0.05912585854025788
NSLKDD,Fedpkda,nslkdd_fedpkda_dnn_jr0.1,0,21,0.9636980583308647,,0.0579984792443483
NSLKDD,Fedpkda,nslkdd_fedpkda_dnn_jr0.1,0,22,0.9958796757601056,,0.016007367404319836
NSLKDD,Fedpkda,nslkdd_fedpkda_dnn_jr0.1,0,23,0.9959066059838957,,0.015939678679868553
NSLKDD,Fedpkda,nslkdd_fedpkda_dnn_jr0.1,0,24,0.9959066059838957,,0.01585905341942512
NSLKDD,Fedpkda,nslkdd_fedpkda_dnn_jr0.1,0,25,0.9959335362076859,,0.015837436996753728
NSLKDD,Fedpkda,nslkdd_fedpkda_dnn_jr0.1,0,26,0.9959335362076859,,0.015778967604813742
NSLKDD,Fedpkda,nslkdd_fedpkda_dnn_jr0.1,0,27,0.9959873966552663,,0.015638153132589885
NSLKDD,Fedpkda,nslkdd_fedpkda_dnn_jr0.1,0,28,0.9960143268790563,,0.015577201529010685
NSLKDD,Fedpkda,nslkdd_fedpkda_dnn_jr0.1,0,29,0.9963913500121186,,0.015254292576305742
NSLKDD,Fedpkda,nslkdd_fedpkda_dnn_jr0.1,0,30,0.9964182802359087,,0.014988468055378335
NSLKDD,Fedpkda,nslkdd_fedpkda_dnn_jr0.1,0,31,0.9964452104596989,,0.014785986990414519
NSLKDD,Fedpkda,nslkdd_fedpkda_dnn_jr0.1,0,32,0.9964182802359087,,0.01477652781049316
NSLKDD,Fedpkda,nslkdd_fedpkda_dnn_jr0.1,0,33,0.9963913500121186,,0.01470012201288181
NSLKDD,Fedpkda,nslkdd_fedpkda_dnn_jr0.1,0,34,0.9964452104596989,,0.014493573759627787
NSLKDD,Fedpkda,nslkdd_fedpkda_dnn_jr0.1,0,35,0.9964452104596989,,0.014427752774555377
NSLKDD,Fedpkda,nslkdd_fedpkda_dnn_jr0.1,0,36,0.9964452104596989,,0.014383545783875079
NSLKDD,Fedpkda,nslkdd_fedpkda_dnn_jr0.1,0,37,0.9964452104596989,,0.014334771687452874
NSLKDD,Fedpkda,nslkdd_fedpkda_dnn_jr0.1,0,38,0.9964452104596989,,0.014317207575378754
NSLKDD,Fedpkda,nslkdd_fedpkda_dnn_jr0.1,0,39,0.9963913500121186,,0.014226832180421374
NSLKDD,Fedpkda,nslkdd_fedpkda_dnn_jr0.1,0,40,0.9964182802359087,,0.014080493910838522
NSLKDD,Fedpkda,nslkdd_fedpkda_dnn_jr0.1,0,41,0.9964452104596989,,0.014105933214318193
NSLKDD,Fedpkda,nslkdd_fedpkda_dnn_jr0.1,0,42,0.9966606522500202,,0.012904315555984184
NSLKDD,Fedpkda,nslkdd_fedpkda_dnn_jr0.1,0,43,0.9966875824738104,,0.012802579871940724
NSLKDD,Fedpkda,nslkdd_fedpkda_dnn_jr0.1,0,44,0.9966875824738104,,0.012789623038039991
NSLKDD,Fedpkda,nslkdd_fedpkda_dnn_jr0.1,0,45,0.9966875824738104,,0.01277989617176922
NSLKDD,Fedpkda,nslkdd_fedpkda_dnn_jr0.1,0,46,0.9966875824738104,,0.012748574586112466
NSLKDD,Fedpkda,nslkdd_fedpkda_dnn_jr0.1,0,47,0.9966606522500202,,0.01270077353308263
NSLKDD,Fedpkda,nslkdd_fedpkda_dnn_jr0.1,0,48,0.9966606522500202,,0.012397001163173558
NSLKDD,Fedpkda,nslkdd_fedpkda_dnn_jr0.1,0,49,0.9966875824738104,,0.012413425670076734
NSLKDD,Fedpkda,nslkdd_fedpkda_dnn_jr0.1,0,50,0.9966606522500202,,0.012334369477321845
NSLKDD,Fedpkda,nslkdd_fedpkda_dnn_jr0.1,0,51,0.9966606522500202,,0.012336165355735172
NSLKDD,Fedpkda,nslkdd_fedpkda_dnn_jr0.1,0,52,0.99663372202623,,0.012245193228969062
NSLKDD,Fedpkda,nslkdd_fedpkda_dnn_jr0.1,0,53,0.9966067918024398,,0.012169112251585698
NSLKDD,Fedpkda,nslkdd_fedpkda_dnn_jr0.1,0,54,0.9966875824738104,,0.012114349334615847
NSLKDD,Fedpkda,nslkdd_fedpkda_dnn_jr0.1,0,55,0.9966606522500202,,0.01210468528789229
NSLKDD,Fedpkda,nslkdd_fedpkda_dnn_jr0.1,0,56,0.9966606522500202,,0.012017995511720326
NSLKDD,Fedpkda,nslkdd_fedpkda_dnn_jr0.1,0,57,0.9965798615786498,,0.01199271114346185
NSLKDD,Fedpkda,nslkdd_fedpkda_dnn_jr0.1,0,58,0.9966606522500202,,0.01184593891307597
NSLKDD,Fedpkda,nslkdd_fedpkda_dnn_jr0.1,0,59,0.9966606522500202,,0.011846811545602893
NSLKDD,Fedpkda,nslkdd_fedpkda_dnn_jr0.1,0,60,0.9966067918024398,,0.01174308602363794
NSLKDD,Fedpkda,nslkdd_fedpkda_dnn_jr0.2,0,0,0.4808660759970915,,0.8432298843388316
NSLKDD,Fedpkda,nslkdd_fedpkda_dnn_jr0.2,0,1,0.5990358979883122,,0.6713616641674257
NSLKDD,Fedpkda,nslkdd_fedpkda_dnn_jr0.2,0,2,0.6238117038752592,,0.592883139284826
NSLKDD,Fedpkda,nslkdd_fedpkda_dnn_jr0.2,0,3,0.7529151967252848,,0.39538852016581816
NSLKDD,Fedpkda,nslkdd_fedpkda_dnn_jr0.2,0,4,0.7694234239086527,,0.35139966157526387
NSLKDD,Fedpkda,nslkdd_fedpkda_dnn_jr0.2,0,5,0.7751595615759567,,0.3425626029142469
NSLKDD,Fedpkda,nslkdd_fedpkda_dnn_jr0.2,0,6,0.8095494573559906,,0.2972572463013982
NSLKDD,Fedpkda,nslkdd_fedpkda_dnn_jr0.2,0,7,0.8215603371664019,,0.2827207339130927
NSLKDD,Fedpkda,nslkdd_fedpkda_dnn_jr0.2,0,8,0.8233377319365524,,0.2774115452245464
NSLKDD,Fedpkda,nslkdd_fedpkda_dnn_jr0.2,0,9,0.840303772924353,,0.2208933558343964
NSLKDD,Fedpkda,nslkdd_fedpkda_dnn_jr0.2,0,10,0.8407885169525758,,0.2200668268021972
NSLKDD,Fedpkda,nslkdd_fedpkda_dnn_jr0.2,0,11,0.9955834432984139,,0.018677339014573854
NSLKDD,Fedpkda,nslkdd_fedpkda_dnn_jr0.2,0,12,0.9956103735222039,,0.018587113396763097
NSLKDD,Fedpkda,nslkdd_fedpkda_dnn_jr0.2,0,13,0.9958258153125252,,0.017249217867128477
NSLKDD,Fedpkda,nslkdd_fedpkda_dnn_jr0.2,0,14,0.995798885088735,,0.016964998986775986
NSLKDD,Fedpkda,nslkdd_fedpkda_dnn_jr0.2,0,15,0.995798885088735,,0.01695643882929421
NSLKDD,Fedpkda,nslkdd_fedpkda_dnn_jr0.2,0,16,0.9959335362076859,,0.01628115595296767
NSLKDD,Fedpkda,nslkdd_fedpkda_dnn_jr0.2,0,17,0.9959335362076859,,0.016170327551030178
NSLKDD,Fedpkda,nslkdd_fedpkda_dnn_jr0.2,0,18,0.9959604664314761,,0.01602524199941855
NSLKDD,Fedpkda,nslkdd_fedpkda_dnn_jr0.2,0,19,0.9959873966552663,,0.015963704822197312
NSLKDD,Fedpkda,nslkdd_fedpkda_dnn_jr0.2,0,20,0.9960143268790563,,0.01585727082220726
NSLKDD,Fedpkda,nslkdd_fedpkda_dnn_jr0.2,0,21,0.9960143268790563,,0.015802272294862873
NSLKDD,Fedpkda,nslkdd_fedpkda_dnn_jr0.2,0,22,0.9960681873266367,,0.015643023132854865
NSLKDD,Fedpkda,nslkdd_fedpkda_dnn_jr0.2,0,23,0.9960951175504268,,0.015585903750561946
NSLKDD,Fedpkda,nslkdd_fedpkda_dnn_jr0.2,0,24,0.9962297686693776,,0.014633309762675932
NSLKDD,Fedpkda,nslkdd_fedpkda_dnn_jr0.2,0,25,0.9962297686693776,,0.014592955744279015
NSLKDD,Fedpkda,nslkdd_fedpkda_dnn_jr0.2,0,26,0.9962028384455874,,0.014586568585799225
NSLKDD,Fedpkda,nslkdd_fedpkda_dnn_jr0.2,0,27,0.9962566988931678,,0.014488431113191607
NSLKDD,Fedpkda,nslkdd_fedpkda_dnn_jr0.2,0,28,0.9962566988931678,,0.014404233687339955
NSLKDD,Fedpkda,nslkdd_fedpkda_dnn_jr0.2,0,29,0.9965260011310694,,0.013989396448087834
NSLKDD,Fedpkda,nslkdd_fedpkda_dnn_jr0.2,0,30,0.9964990709072793,,0.01374550433713192
NSLKDD,Fedpkda,nslkdd_fedpkda_dnn_jr0.2,0,31,0.99663372202623,,0.013477432482930974
NSLKDD,Fedpkda,nslkdd_fedpkda_dnn_jr0.2,0,32,0.9966067918024398,,0.01347080698006479
NSLKDD,Fedpkda,nslkdd_fedpkda_dnn_jr0.2,0,33,0.9966606522500202,,0.013115609175573634
NSLKDD,Fedpkda,nslkdd_fedpkda_dnn_jr0.2,0,34,0.9966875824738104,,0.012866839383879638
NSLKDD,Fedpkda,nslkdd_fedpkda_dnn_jr0.2,0,35,0.9966875824738104,,0.012785292026482624
NSLKDD,Fedpkda,nslkdd_fedpkda_dnn_jr0.2,0,36,0.9966606522500202,,0.01275937506385689
NSLKDD,Fedpkda,nslkdd_fedpkda_dnn_jr0.2,0,37,0.9966606522500202,,0.012746218690102635
NSLKDD,Fedpkda,nslkdd_fedpkda_dnn_jr0.2,0,38,0.99663372202623,,0.01275444437793716
NSLKDD,Fedpkda,nslkdd_fedpkda_dnn_jr0.2,0,39,0.9966606522500202,,0.012671791164925419
NSLKDD,Fedpkda,nslkdd_fedpkda_dnn_jr0.2,0,40,0.9966606522500202,,0.012644465908518128
NSLKDD,Fedpkda,nslkdd_fedpkda_dnn_jr0.2,0,41,0.9966875824738104,,0.012600419702963732
NSLKDD,Fedpkda,nslkdd_fedpkda_dnn_jr0.2,0,42,0.9967683731451809,,0.012460457786699214
NSLKDD,Fedpkda,nslkdd_fedpkda_dnn_jr0.2,0,43,0.9968222335927611,,0.012371899566238824
NSLKDD,Fedpkda,nslkdd_fedpkda_dnn_jr0.2,0,44,0.996795303368971,,0.012348914620583528
NSLKDD,Fedpkda,nslkdd_fedpkda_dnn_jr0.2,0,45,0.996795303368971,,0.012322290546825097
NSLKDD,Fedpkda,nslkdd_fedpkda_dnn_jr0.2,0,46,0.996795303368971,,0.012292045301885086
NSLKDD,Fedpkda,nslkdd_fedpkda_dnn_jr0.2,0,47,0.9967414429213907,,0.012264194728803732
NSLKDD,Fedpkda,nslkdd_fedpkda_dnn_jr0.2,0,48,0.9967683731451809,,0.012010577830340955
NSLKDD,Fedpkda,nslkdd_fedpkda_dnn_jr0.2,0,49,0.9967414429213907,,0.011940123713119815
NSLKDD,Fedpkda,nslkdd_fedpkda_dnn_jr0.2,0,50,0.9967145126976005,,0.011856488154404156
NSLKDD,Fedpkda,nslkdd_fedpkda_dnn_jr0.2,0,51,0.9967414429213907,,0.011808156700238364
NSLKDD,Fedpkda,nslkdd_fedpkda_dnn_jr0.2,0,52,0.9967145126976005,,0.011664497113691727
NSLKDD,Fedpkda,nslkdd_fedpkda_dnn_jr0.2,0,53,0.9967414429213907,,0.011594277659164072
NSLKDD,Fedpkda,nslkdd_fedpkda_dnn_jr0.2,0,54,0.9967683731451809,,0.011396476760092372
NSLKDD,Fedpkda,nslkdd_fedpkda_dnn_jr0.2,0,55,0.9967414429213907,,0.011396205423302334
NSLKDD,Fedpkda,nslkdd_fedpkda_dnn_jr0.2,0,56,0.9967414429213907,,0.011376081905175901
NSLKDD,Fedpkda,nslkdd_fedpkda_dnn_jr0.2,0,57,0.9967414429213907,,0.011270027102476323
NSLKDD,Fedpkda,nslkdd_fedpkda_dnn_jr0.2,0,58,0.9967414429213907,,0.011207448953755982
NSLKDD,Fedpkda,nslkdd_fedpkda_dnn_jr0.2,0,59,0.9966606522500202,,0.011220277758438174
NSLKDD,Fedpkda,nslkdd_fedpkda_dnn_jr0.2,0,60,0.9966606522500202,,0.011197804841536704
NSLKDD,Fedpkda,nslkdd_fedpkda_dnn_lr5e-3,0,0,0.4808660759970915,,0.8432298843388316
NSLKDD,Fedpkda,nslkdd_fedpkda_dnn_lr5e-3,0,1,0.7843966283359814,,0.38155398390342954
NSLKDD,Fedpkda,nslkdd_fedpkda_dnn_lr5e-3,0,2,0.9671451269760052,,0.09800054777978792
NSLKDD,Fedpkda,nslkdd_fedpkda_dnn_lr5e-3,0,3,0.97301591576226,,0.08086691437916674
NSLKDD,Fedpkda,nslkdd_fedpkda_dnn_lr5e-3,0,4,0.9793445183529476,,0.07034891807118054
NSLKDD,Fedpkda,nslkdd_fedpkda_dnn_lr5e-3,0,5,0.9793714485767376,,0.06988150599959517
NSLKDD,Fedpkda,nslkdd_fedpkda_dnn_lr5e-3,0,6,0.9794522392481082,,0.06904281715537174
NSLKDD,Fedpkda,nslkdd_fedpkda_dnn_lr5e-3,0,7,0.9795060996956885,,0.06883176245899968
NSLKDD,Fedpkda,nslkdd_fedpkda_dnn_lr5e-3,0,8,0.9795868903670589,,0.06844372093635517
NSLKDD,Fedpkda,nslkdd_fedpkda_dnn_lr5e-3,0,9,0.9966875824738104,,0.011439789396702645
NSLKDD,Fedpkda,nslkdd_fedpkda_dnn_lr5e-3,0,10,0.9966606522500202,,0.01128000787590828
NSLKDD,Fedpkda,nslkdd_fedpkda_dnn_lr5e-3,0,11,0.9967145126976005,,0.011164855175644759
NSLKDD,Fedpkda,nslkdd_fedpkda_dnn_lr5e-3,0,12,0.9968491638165513,,0.010535841927874658
NSLKDD,Fedpkda,nslkdd_fedpkda_dnn_lr5e-3,0,13,0.9968491638165513,,0.01025919445562045
NSLKDD,Fedpkda,nslkdd_fedpkda_dnn_lr5e-3,0,14,0.996795303368971,,0.010042458613922922
NSLKDD,Fedpkda,nslkdd_fedpkda_dnn_lr5e-3,0,15,0.9967414429213907,,0.009974818208346264
NSLKDD,Fedpkda,nslkdd_fedpkda_dnn_lr5e-3,0,16,0.9968222335927611,,0.009718962784311606
NSLKDD,Fedpkda,nslkdd_fedpkda_dnn_lr5e-3,0,17,0.9968760940403415,,0.00960611427785524
NSLKDD,Fedpkda,nslkdd_fedpkda_dnn_lr5e-3,0,18,0.9968222335927611,,0.009559729007173582
NSLKDD,Fedpkda,nslkdd_fedpkda_dnn_lr5e-3,0,19,0.9968222335927611,,0.00951109963437407
NSLKDD,Fedpkda,nslkdd_fedpkda_dnn_lr5e-3,0,20,0.9970376753830824,,0.009321272528835583
NSLKDD,Fedpkda,nslkdd_fedpkda_dnn_lr5e-3,0,21,0.9971992567258234,,0.009152514204931357
NSLKDD,Fedpkda,nslkdd_fedpkda_dnn_lr5e-3,0,22,0.9971184660544529,,0.009072994533151255
NSLKDD,Fedpkda,nslkdd_fedpkda_dnn_lr5e-3,0,23,0.9970915358306628,,0.008911596324606301
NSLKDD,Fedpkda,nslkdd_fedpkda_dnn_lr5e-3,0,24,0.9970376753830824,,0.008746511687844717
NSLKDD,Fedpkda,nslkdd_fedpkda_dnn_lr5e-3,0,25,0.9970107451592922,,0.00866326576700031
NSLKDD,Fedpkda,nslkdd_fedpkda_dnn_lr5e-3,0,26,0.9970107451592922,,0.008573218296587143
NSLKDD,Fedpkda,nslkdd_fedpkda_dnn_lr5e-3,0,27,0.9970107451592922,,0.008513513648668342
NSLKDD,Fedpkda,nslkdd_fedpkda_dnn_lr5e-3,0,28,0.9970107451592922,,0.008474768787623032
NSLKDD,Fedpkda,nslkdd_fedpkda_dnn_lr5e-3,0,29,0.9970376753830824,,0.008352270899529371
NSLKDD,Fedpkda,nslkdd_fedpkda_dnn_lr5e-3,0,30,0.9970915358306628,,0.008314746048807126
NSLKDD,Fedpkda,nslkdd_fedpkda_dnn_lr5e-3,0,31,0.9971184660544529,,0.00821959309520715
NSLKDD,Fedpkda,nslkdd_fedpkda_dnn_lr5e-3,0,32,0.9970915358306628,,0.00814441267334724
NSLKDD,Fedpkda,nslkdd_fedpkda_dnn_lr5e-3,0,33,0.9971453962782431,,0.008016721463414173
NSLKDD,Fedpkda,nslkdd_fedpkda_dnn_lr5e-3,0,34,0.9971453962782431,,0.007963473149969902
NSLKDD,Fedpkda,nslkdd_fedpkda_dnn_lr5e-3,0,35,0.9971992567258234,,0.007898797687190382
NSLKDD,Fedpkda,nslkdd_fedpkda_dnn_lr5e-3,0,36,0.9971992567258234,,0.007889037341140746
NSLKDD,Fedpkda,nslkdd_fedpkda_dnn_lr5e-3,0,37,0.9972261869496135,,0.00783205871936376
NSLKDD,Fedpkda,nslkdd_fedpkda_dnn_lr5e-3,0,38,0.9971723265020332,,0.007789214149561674
NSLKDD,Fedpkda,nslkdd_fedpkda_dnn_lr5e-3,0,39,0.9972531171734037,,0.007617987234268182
NSLKDD,Fedpkda,nslkdd_fedpkda_dnn_lr5e-3,0,40,0.9972800473971939,,0.007551733774383461
NSLKDD,Fedpkda,nslkdd_fedpkda_dnn_lr5e-3,0,41,0.9972261869496135,,0.0074732780106923575
NSLKDD,Fedpkda,nslkdd_fedpkda_dnn_lr5e-3,0,42,0.9971992567258234,,0.007325625809506598
NSLKDD,Fedpkda,nslkdd_fedpkda_dnn_lr5e-3,0,43,0.9974146985161446,,0.007314856406098301
NSLKDD,Fedpkda,nslkdd_fedpkda_dnn_lr5e-3,0,44,0.9974146985161446,,0.007286334564634467
NSLKDD,Fedpkda,nslkdd_fedpkda_dnn_lr5e-3,0,45,0.9973608380685643,,0.00716894485979971
NSLKDD,Fedpkda,nslkdd_fedpkda_dnn_lr5e-3,0,46,0.9973877682923545,,0.007136515306703132
NSLKDD,Fedpkda,nslkdd_fedpkda_dnn_lr5e-3,0,47,0.9973339078447742,,0.007120428711854793
NSLKDD,Fedpkda,nslkdd_fedpkda_dnn_lr5e-3,0,48,0.9972531171734037,,0.00708972289568728
NSLKDD,Fedpkda,nslkdd_fedpkda_dnn_lr5e-3,0,49,0.9973069776209841,,0.0070425831814377535
NSLKDD,Fedpkda,nslkdd_fedpkda_dnn_lr5e-3,0,50,0.9973069776209841,,0.007054379907721867
NSLKDD,Fedpkda,nslkdd_fedpkda_dnn_lr5e-3,0,51,0.9973339078447742,,0.006976327719585212
NSLKDD,Fedpkda,nslkdd_fedpkda_dnn_lr5e-3,0,52,0.9974416287399348,,0.006973078037421057
NSLKDD,Fedpkda,nslkdd_fedpkda_dnn_lr5e-3,0,53,0.9974146985161446,,0.006868434865095653
NSLKDD,Fedpkda,nslkdd_fedpkda_dnn_lr5e-3,0,54,0.9973877682923545,,0.006786088799110184
NSLKDD,Fedpkda,nslkdd_fedpkda_dnn_lr5e-3,0,55,0.9974146985161446,,0.006735642237574424
NSLKDD,Fedpkda,nslkdd_fedpkda_dnn_lr5e-3,0,56,0.9974416287399348,,0.0066431910825582455
NSLKDD,Fedpkda,nslkdd_fedpkda_dnn_lr5e-3,0,57,0.9974416287399348,,0.00663691949725512
NSLKDD,Fedpkda,nslkdd_fedpkda_dnn_lr5e-3,0,58,0.9974954891875152,,0.006563188456891426
NSLKDD,Fedpkda,nslkdd_fedpkda_dnn_lr5e-3,0,59,0.9974954891875152,,0.0065659178115441775
NSLKDD,Fedpkda,nslkdd_fedpkda_dnn_lr5e-3,0,60,0.9974954891875152,,0.006438508465487902
